timeStamp,elapsed,label,responseCode,responseMessage,threadName,dataType,success,failureMessage,bytes,sentBytes,grpThreads,allThreads,URL,Latency,IdleTime,Connect
1610553386525,819,-16,200,OK,jp@gc - Ultimate Thread Group 1-16,text,true,,1326,338,20,20,https://blazedemo.com/,818,0,557
1610553386525,918,-16,200,OK,jp@gc - Ultimate Thread Group 1-18,text,true,,1325,338,20,20,https://blazedemo.com/,915,0,562
1610553386522,925,-16,200,OK,jp@gc - Ultimate Thread Group 1-19,text,true,,1455,338,20,20,https://blazedemo.com/,924,0,646
1610553387137,325,-16,200,OK,jp@gc - Ultimate Thread Group 1-5,text,true,,1485,338,20,20,https://blazedemo.com/,322,0,74
1610553387130,342,-16,200,OK,jp@gc - Ultimate Thread Group 1-7,text,true,,1503,338,20,20,https://blazedemo.com/,339,0,61
1610553386785,690,-16,200,OK,jp@gc - Ultimate Thread Group 1-9,text,true,,1516,338,20,20,https://blazedemo.com/,685,0,271
1610553386525,951,-16,200,OK,jp@gc - Ultimate Thread Group 1-20,text,true,,1419,338,20,20,https://blazedemo.com/,951,0,535
1610553387132,396,-16,200,OK,jp@gc - Ultimate Thread Group 1-6,text,true,,1383,338,20,20,https://blazedemo.com/,393,0,82
1610553387346,273,-17,200,OK,jp@gc - Ultimate Thread Group 1-16,text,true,,1596,517,20,20,https://blazedemo.com/reserve.php,269,0,0
1610553386585,1100,-16,200,OK,jp@gc - Ultimate Thread Group 1-13,text,true,,1385,338,20,20,https://blazedemo.com/,1099,0,521
1610553386554,1137,-16,200,OK,jp@gc - Ultimate Thread Group 1-14,text,true,,1409,338,20,20,https://blazedemo.com/,1136,0,544
1610553387448,255,-17,200,OK,jp@gc - Ultimate Thread Group 1-19,text,true,,1562,517,20,20,https://blazedemo.com/reserve.php,253,0,0
1610553386840,903,-16,200,OK,jp@gc - Ultimate Thread Group 1-8,text,true,,1404,338,20,20,https://blazedemo.com/,902,0,224
1610553387477,281,-17,200,OK,jp@gc - Ultimate Thread Group 1-20,text,true,,1420,517,20,20,https://blazedemo.com/reserve.php,280,0,0
1610553387529,244,-17,200,OK,jp@gc - Ultimate Thread Group 1-6,text,true,,1600,517,20,20,https://blazedemo.com/reserve.php,243,0,0
1610553386525,1275,-16,200,OK,jp@gc - Ultimate Thread Group 1-15,text,true,,1523,338,20,20,https://blazedemo.com/,1272,0,626
1610553386685,1121,-16,200,OK,jp@gc - Ultimate Thread Group 1-11,text,true,,1465,338,20,20,https://blazedemo.com/,1121,0,422
1610553387476,331,-17,200,OK,jp@gc - Ultimate Thread Group 1-9,text,true,,1510,517,20,20,https://blazedemo.com/reserve.php,330,0,0
1610553387473,373,-17,200,OK,jp@gc - Ultimate Thread Group 1-7,text,true,,1420,517,20,20,https://blazedemo.com/reserve.php,373,0,0
1610553387227,647,-16,200,OK,jp@gc - Ultimate Thread Group 1-2,text,true,,1446,338,20,20,https://blazedemo.com/,646,0,70
1610553387232,645,-16,200,OK,jp@gc - Ultimate Thread Group 1-1,text,true,,1469,338,20,20,https://blazedemo.com/,645,0,64
1610553387686,258,-17,200,OK,jp@gc - Ultimate Thread Group 1-13,text,true,,1647,517,20,20,https://blazedemo.com/reserve.php,256,0,0
1610553387620,351,-18,200,OK,jp@gc - Ultimate Thread Group 1-16,text,true,,1631,575,20,20,https://blazedemo.com/purchase.php,351,0,0
1610553387692,313,-17,200,OK,jp@gc - Ultimate Thread Group 1-14,text,true,,1449,517,20,20,https://blazedemo.com/reserve.php,311,0,0
1610553387774,261,-18,200,OK,jp@gc - Ultimate Thread Group 1-6,text,true,,1704,575,20,20,https://blazedemo.com/purchase.php,258,0,0
1610553387800,254,-17,200,OK,jp@gc - Ultimate Thread Group 1-15,text,true,,1563,517,20,20,https://blazedemo.com/reserve.php,252,0,0
1610553386525,1531,-16,200,OK,jp@gc - Ultimate Thread Group 1-17,text,true,,1431,338,20,20,https://blazedemo.com/,1529,0,575
1610553387744,327,-17,200,OK,jp@gc - Ultimate Thread Group 1-8,text,true,,1517,517,20,20,https://blazedemo.com/reserve.php,326,0,0
1610553387874,240,-17,200,OK,jp@gc - Ultimate Thread Group 1-2,text,true,,1407,517,20,20,https://blazedemo.com/reserve.php,239,0,0
1610553387878,273,-17,200,OK,jp@gc - Ultimate Thread Group 1-1,text,true,,1522,517,20,20,https://blazedemo.com/reserve.php,272,0,0
1610553387847,309,-18,200,OK,jp@gc - Ultimate Thread Group 1-7,text,true,,1775,575,20,20,https://blazedemo.com/purchase.php,306,0,0
1610553386746,1426,-16,200,OK,jp@gc - Ultimate Thread Group 1-10,text,true,,1455,338,20,20,https://blazedemo.com/,1421,0,370
1610553387704,478,-18,200,OK,jp@gc - Ultimate Thread Group 1-19,text,true,,1864,575,20,20,https://blazedemo.com/purchase.php,476,0,0
1610553387972,238,-19,200,OK,jp@gc - Ultimate Thread Group 1-16,text,true,,1487,633,20,20,https://blazedemo.com/confirmation.php,235,0,0
1610553386473,1681,,200,"Number of samples in transaction : 4, number of failing samples : 0",jp@gc - Ultimate Thread Group 1-16,,true,,6040,2063,20,20,null,1673,56,557
1610553387807,507,-17,200,OK,jp@gc - Ultimate Thread Group 1-11,text,true,,1496,517,20,20,https://blazedemo.com/reserve.php,507,0,0
1610553388006,319,-18,200,OK,jp@gc - Ultimate Thread Group 1-14,text,true,,1671,575,20,20,https://blazedemo.com/purchase.php,316,0,0
1610553388055,303,-18,200,OK,jp@gc - Ultimate Thread Group 1-15,text,true,,1663,575,20,20,https://blazedemo.com/purchase.php,302,0,0
1610553388035,336,-19,200,OK,jp@gc - Ultimate Thread Group 1-6,text,true,,1599,633,20,20,https://blazedemo.com/confirmation.php,335,0,0
1610553387131,1237,,200,"Number of samples in transaction : 4, number of failing samples : 0",jp@gc - Ultimate Thread Group 1-6,,true,,6286,2063,20,20,null,1229,3,82
1610553388114,295,-18,200,OK,jp@gc - Ultimate Thread Group 1-2,text,true,,1749,575,20,20,https://blazedemo.com/purchase.php,295,0,0
1610553387443,976,-17,200,OK,jp@gc - Ultimate Thread Group 1-18,text,true,,1603,517,20,20,https://blazedemo.com/reserve.php,974,0,0
1610553388151,303,-18,200,OK,jp@gc - Ultimate Thread Group 1-1,text,true,,1811,575,20,20,https://blazedemo.com/purchase.php,300,0,0
1610553388072,385,-18,200,OK,jp@gc - Ultimate Thread Group 1-8,text,true,,1628,575,20,20,https://blazedemo.com/purchase.php,384,0,0
1610553388183,316,-19,200,OK,jp@gc - Ultimate Thread Group 1-19,text,true,,1549,633,20,20,https://blazedemo.com/confirmation.php,315,0,0
1610553386289,1974,,200,"Number of samples in transaction : 4, number of failing samples : 0",jp@gc - Ultimate Thread Group 1-19,,true,,6430,2063,20,20,null,1968,236,646
1610553388156,345,-19,200,OK,jp@gc - Ultimate Thread Group 1-7,text,true,,1510,633,20,20,https://blazedemo.com/confirmation.php,343,0,0
1610553387128,1369,,200,"Number of samples in transaction : 4, number of failing samples : 0",jp@gc - Ultimate Thread Group 1-7,,true,,6208,2063,20,20,null,1361,4,61
1610553388172,332,-17,200,OK,jp@gc - Ultimate Thread Group 1-10,text,true,,1597,517,20,20,https://blazedemo.com/reserve.php,329,0,0
1610553388213,346,-16,200,OK,jp@gc - Ultimate Thread Group 1-16,text,true,,1472,338,20,20,https://blazedemo.com/,343,0,43
1610553388315,247,-18,200,OK,jp@gc - Ultimate Thread Group 1-11,text,true,,1620,575,20,20,https://blazedemo.com/purchase.php,245,0,0
1610553388326,295,-19,200,OK,jp@gc - Ultimate Thread Group 1-14,text,true,,1485,633,20,20,https://blazedemo.com/confirmation.php,291,0,0
1610553386552,2064,,200,"Number of samples in transaction : 4, number of failing samples : 0",jp@gc - Ultimate Thread Group 1-14,,true,,6014,2063,20,20,null,2054,5,544
1610553388358,312,-19,200,OK,jp@gc - Ultimate Thread Group 1-15,text,true,,1439,633,20,20,https://blazedemo.com/confirmation.php,311,0,0
1610553386499,2144,,200,"Number of samples in transaction : 4, number of failing samples : 0",jp@gc - Ultimate Thread Group 1-15,,true,,6188,2063,20,20,null,2137,27,626
1610553388409,334,-19,200,OK,jp@gc - Ultimate Thread Group 1-2,text,true,,1559,633,20,20,https://blazedemo.com/confirmation.php,328,0,0
1610553387222,1516,,200,"Number of samples in transaction : 4, number of failing samples : 0",jp@gc - Ultimate Thread Group 1-2,,true,,6161,2063,20,20,null,1508,6,70
1610553388457,339,-19,200,OK,jp@gc - Ultimate Thread Group 1-8,text,true,,1541,633,20,20,https://blazedemo.com/confirmation.php,338,0,0
1610553386836,1954,,200,"Number of samples in transaction : 4, number of failing samples : 0",jp@gc - Ultimate Thread Group 1-8,,true,,6090,2063,20,20,null,1950,7,224
1610553388562,256,-19,200,OK,jp@gc - Ultimate Thread Group 1-11,text,true,,1578,633,20,20,https://blazedemo.com/confirmation.php,256,0,0
1610553386682,2131,,200,"Number of samples in transaction : 4, number of failing samples : 0",jp@gc - Ultimate Thread Group 1-11,,true,,6159,2063,20,20,null,2129,6,422
1610553388420,412,-18,200,OK,jp@gc - Ultimate Thread Group 1-18,text,true,,1642,575,20,20,https://blazedemo.com/purchase.php,409,0,0
1610553388559,293,-17,200,OK,jp@gc - Ultimate Thread Group 1-16,text,true,,1439,517,20,20,https://blazedemo.com/reserve.php,291,0,0
1610553388500,365,-16,200,OK,jp@gc - Ultimate Thread Group 1-19,text,true,,1544,338,20,20,https://blazedemo.com/,364,0,39
1610553388622,290,-16,200,OK,jp@gc - Ultimate Thread Group 1-14,text,true,,1487,338,20,20,https://blazedemo.com/,290,0,38
1610553387463,1510,-17,200,OK,jp@gc - Ultimate Thread Group 1-5,text,true,,1525,517,20,20,https://blazedemo.com/reserve.php,1507,0,0
1610553387139,1841,-16,200,OK,jp@gc - Ultimate Thread Group 1-4,text,true,,1331,338,20,20,https://blazedemo.com/,1841,0,89
1610553388744,271,-16,200,OK,jp@gc - Ultimate Thread Group 1-2,text,true,,1309,338,20,20,https://blazedemo.com/,270,0,41
1610553388865,256,-17,200,OK,jp@gc - Ultimate Thread Group 1-19,text,true,,1466,517,20,20,https://blazedemo.com/reserve.php,253,0,0
1610553388797,325,-16,200,OK,jp@gc - Ultimate Thread Group 1-8,text,true,,1315,338,20,20,https://blazedemo.com/,323,0,37
1610553388832,300,-19,200,OK,jp@gc - Ultimate Thread Group 1-18,text,true,,1627,633,20,20,https://blazedemo.com/confirmation.php,293,0,0
1610553386342,2606,,200,"Number of samples in transaction : 4, number of failing samples : 0",jp@gc - Ultimate Thread Group 1-18,,true,,6197,2063,20,20,null,2591,185,562
1610553388819,329,-16,200,OK,jp@gc - Ultimate Thread Group 1-11,text,true,,1484,338,20,20,https://blazedemo.com/,329,0,40
1610553388671,478,-16,200,OK,jp@gc - Ultimate Thread Group 1-15,text,true,,1312,338,20,20,https://blazedemo.com/,478,0,38
1610553388852,361,-18,200,OK,jp@gc - Ultimate Thread Group 1-16,text,true,,1776,575,20,20,https://blazedemo.com/purchase.php,359,0,0
1610553388981,293,-17,200,OK,jp@gc - Ultimate Thread Group 1-4,text,true,,1500,517,20,20,https://blazedemo.com/reserve.php,293,0,0
1610553388973,304,-18,200,OK,jp@gc - Ultimate Thread Group 1-5,text,true,,1749,575,20,20,https://blazedemo.com/purchase.php,301,0,0
1610553388504,880,-18,200,OK,jp@gc - Ultimate Thread Group 1-10,text,true,,1644,575,20,20,https://blazedemo.com/purchase.php,877,0,0
1610553389134,358,-16,200,OK,jp@gc - Ultimate Thread Group 1-18,text,true,,1521,338,20,20,https://blazedemo.com/,358,0,40
1610553389121,427,-18,200,OK,jp@gc - Ultimate Thread Group 1-19,text,true,,1838,575,20,20,https://blazedemo.com/purchase.php,427,0,0
1610553389213,368,-19,200,OK,jp@gc - Ultimate Thread Group 1-16,text,true,,1449,633,20,20,https://blazedemo.com/confirmation.php,367,0,0
1610553388210,1368,,200,"Number of samples in transaction : 4, number of failing samples : 0",jp@gc - Ultimate Thread Group 1-16,,true,,6136,2063,20,20,null,1360,3,43
1610553388913,680,-17,200,OK,jp@gc - Ultimate Thread Group 1-14,text,true,,1590,517,20,20,https://blazedemo.com/reserve.php,679,0,0
1610553389277,338,-19,200,OK,jp@gc - Ultimate Thread Group 1-5,text,true,,1516,633,20,20,https://blazedemo.com/confirmation.php,336,0,0
1610553387135,2477,,200,"Number of samples in transaction : 4, number of failing samples : 0",jp@gc - Ultimate Thread Group 1-5,,true,,6275,2063,20,20,null,2466,3,74
1610553387177,2447,-16,200,OK,jp@gc - Ultimate Thread Group 1-3,text,true,,1541,338,20,20,https://blazedemo.com/,2444,0,67
1610553389385,248,-19,200,OK,jp@gc - Ultimate Thread Group 1-10,text,true,,1527,633,20,20,https://blazedemo.com/confirmation.php,246,0,0
1610553386745,2886,,200,"Number of samples in transaction : 4, number of failing samples : 0",jp@gc - Ultimate Thread Group 1-10,,true,,6223,2063,20,20,null,2873,2,370
1610553389122,623,-17,200,OK,jp@gc - Ultimate Thread Group 1-8,text,true,,1618,517,20,20,https://blazedemo.com/reserve.php,619,0,0
1610553389549,310,-19,200,OK,jp@gc - Ultimate Thread Group 1-19,text,true,,1481,633,20,20,https://blazedemo.com/confirmation.php,309,0,0
1610553388499,1358,,200,"Number of samples in transaction : 4, number of failing samples : 0",jp@gc - Ultimate Thread Group 1-19,,true,,6329,2063,20,20,null,1353,3,39
1610553389148,789,-17,200,OK,jp@gc - Ultimate Thread Group 1-11,text,true,,1528,517,20,20,https://blazedemo.com/reserve.php,788,0,0
1610553389593,393,-18,200,OK,jp@gc - Ultimate Thread Group 1-14,text,true,,1729,575,20,20,https://blazedemo.com/purchase.php,393,0,0
1610553389746,247,-18,200,OK,jp@gc - Ultimate Thread Group 1-8,text,true,,1672,575,20,20,https://blazedemo.com/purchase.php,244,0,0
1610553389582,458,-16,200,OK,jp@gc - Ultimate Thread Group 1-16,text,true,,1308,338,20,20,https://blazedemo.com/,456,0,40
1610553389860,326,-16,200,OK,jp@gc - Ultimate Thread Group 1-19,text,true,,1384,338,20,20,https://blazedemo.com/,324,0,51
1610553389938,282,-18,200,OK,jp@gc - Ultimate Thread Group 1-11,text,true,,1812,575,20,20,https://blazedemo.com/purchase.php,282,0,0
1610553389986,280,-19,200,OK,jp@gc - Ultimate Thread Group 1-14,text,true,,1519,633,20,20,https://blazedemo.com/confirmation.php,279,0,0
1610553388621,1643,,200,"Number of samples in transaction : 4, number of failing samples : 0",jp@gc - Ultimate Thread Group 1-14,,true,,6325,2063,20,20,null,1641,2,38
1610553390042,230,-17,200,OK,jp@gc - Ultimate Thread Group 1-16,text,true,,1451,517,20,20,https://blazedemo.com/reserve.php,229,0,0
1610553387759,2521,-18,200,OK,jp@gc - Ultimate Thread Group 1-20,text,true,,1783,575,20,20,https://blazedemo.com/purchase.php,2519,0,0
1610553389993,297,-19,200,OK,jp@gc - Ultimate Thread Group 1-8,text,true,,1600,633,20,20,https://blazedemo.com/confirmation.php,297,0,0
1610553388797,1492,,200,"Number of samples in transaction : 4, number of failing samples : 0",jp@gc - Ultimate Thread Group 1-8,,true,,6205,2063,20,20,null,1483,2,37
1610553389492,961,-17,200,OK,jp@gc - Ultimate Thread Group 1-18,text,true,,1515,517,20,20,https://blazedemo.com/reserve.php,959,0,0
1610553390186,318,-17,200,OK,jp@gc - Ultimate Thread Group 1-19,text,true,,1467,517,20,20,https://blazedemo.com/reserve.php,311,0,0
1610553390221,289,-19,200,OK,jp@gc - Ultimate Thread Group 1-11,text,true,,1445,633,20,20,https://blazedemo.com/confirmation.php,289,0,0
1610553388819,1689,,200,"Number of samples in transaction : 4, number of failing samples : 0",jp@gc - Ultimate Thread Group 1-11,,true,,6269,2063,20,20,null,1688,2,40
1610553390281,245,-19,200,OK,jp@gc - Ultimate Thread Group 1-20,text,true,,1538,633,20,20,https://blazedemo.com/confirmation.php,244,0,0
1610553386239,3998,,200,"Number of samples in transaction : 4, number of failing samples : 0",jp@gc - Ultimate Thread Group 1-20,,true,,6160,2063,20,20,null,3994,289,535
1610553389634,922,-16,200,OK,jp@gc - Ultimate Thread Group 1-10,text,true,,1507,338,20,20,https://blazedemo.com/,920,0,41
1610553390267,308,-16,200,OK,jp@gc - Ultimate Thread Group 1-14,text,true,,1510,338,20,20,https://blazedemo.com/,306,0,36
1610553390291,324,-16,200,OK,jp@gc - Ultimate Thread Group 1-8,text,true,,1412,338,20,20,https://blazedemo.com/,322,0,37
1610553387808,2863,-18,200,OK,jp@gc - Ultimate Thread Group 1-9,text,true,,1631,575,20,20,https://blazedemo.com/purchase.php,2860,0,0
1610553390454,280,-18,200,OK,jp@gc - Ultimate Thread Group 1-18,text,true,,1646,575,20,20,https://blazedemo.com/purchase.php,280,0,0
1610553390504,283,-18,200,OK,jp@gc - Ultimate Thread Group 1-19,text,true,,1687,575,20,20,https://blazedemo.com/purchase.php,282,0,0
1610553390527,300,-16,200,OK,jp@gc - Ultimate Thread Group 1-20,text,true,,1316,338,20,20,https://blazedemo.com/,300,0,35
1610553387944,2893,-18,200,OK,jp@gc - Ultimate Thread Group 1-13,text,true,,1639,575,20,20,https://blazedemo.com/purchase.php,2892,0,0
1610553390511,349,-16,200,OK,jp@gc - Ultimate Thread Group 1-11,text,true,,1539,338,20,20,https://blazedemo.com/,345,0,39
1610553389016,1871,-17,200,OK,jp@gc - Ultimate Thread Group 1-2,text,true,,1428,517,20,20,https://blazedemo.com/reserve.php,1869,0,0
1610553390575,394,-17,200,OK,jp@gc - Ultimate Thread Group 1-14,text,true,,1573,517,20,20,https://blazedemo.com/reserve.php,392,0,0
1610553390671,442,-19,200,OK,jp@gc - Ultimate Thread Group 1-9,text,true,,1508,633,20,20,https://blazedemo.com/confirmation.php,424,0,0
1610553386783,4326,,200,"Number of samples in transaction : 4, number of failing samples : 0",jp@gc - Ultimate Thread Group 1-9,,true,,6165,2063,20,20,null,4299,5,271
1610553390735,408,-19,200,OK,jp@gc - Ultimate Thread Group 1-18,text,true,,1629,633,20,20,https://blazedemo.com/confirmation.php,406,0,0
1610553389133,2007,,200,"Number of samples in transaction : 4, number of failing samples : 0",jp@gc - Ultimate Thread Group 1-18,,true,,6311,2063,20,20,null,2003,3,40
1610553390787,402,-19,200,OK,jp@gc - Ultimate Thread Group 1-19,text,true,,1460,633,20,20,https://blazedemo.com/confirmation.php,402,0,0
1610553389860,1329,,200,"Number of samples in transaction : 4, number of failing samples : 0",jp@gc - Ultimate Thread Group 1-19,,true,,5998,2063,20,20,null,1319,1,51
1610553390970,257,-18,200,OK,jp@gc - Ultimate Thread Group 1-14,text,true,,1730,575,20,20,https://blazedemo.com/purchase.php,256,0,0
1610553390888,339,-18,200,OK,jp@gc - Ultimate Thread Group 1-2,text,true,,1751,575,20,20,https://blazedemo.com/purchase.php,336,0,0
1610553390837,476,-19,200,OK,jp@gc - Ultimate Thread Group 1-13,text,true,,1527,633,20,20,https://blazedemo.com/confirmation.php,255,0,0
1610553386582,4727,,200,"Number of samples in transaction : 4, number of failing samples : 0",jp@gc - Ultimate Thread Group 1-13,,true,,6198,2063,20,20,null,4502,4,521
1610553391114,288,-16,200,OK,jp@gc - Ultimate Thread Group 1-9,text,true,,1498,338,20,20,https://blazedemo.com/,288,0,41
1610553390860,620,-17,200,OK,jp@gc - Ultimate Thread Group 1-11,text,true,,1514,517,20,20,https://blazedemo.com/reserve.php,618,0,0
1610553390828,676,-17,200,OK,jp@gc - Ultimate Thread Group 1-20,text,true,,1392,517,20,20,https://blazedemo.com/reserve.php,676,0,0
1610553391228,341,-19,200,OK,jp@gc - Ultimate Thread Group 1-2,text,true,,1644,633,20,20,https://blazedemo.com/confirmation.php,339,0,0
1610553388744,2822,,200,"Number of samples in transaction : 4, number of failing samples : 0",jp@gc - Ultimate Thread Group 1-2,,true,,6132,2063,20,20,null,2814,4,41
1610553391314,307,-16,200,OK,jp@gc - Ultimate Thread Group 1-13,text,true,,1526,338,20,20,https://blazedemo.com/,305,0,35
1610553391480,267,-18,200,OK,jp@gc - Ultimate Thread Group 1-11,text,true,,1792,575,20,20,https://blazedemo.com/purchase.php,267,0,0
1610553391504,244,-18,200,OK,jp@gc - Ultimate Thread Group 1-20,text,true,,1758,575,20,20,https://blazedemo.com/purchase.php,243,0,0
1610553391402,474,-17,200,OK,jp@gc - Ultimate Thread Group 1-9,text,true,,1433,517,20,20,https://blazedemo.com/reserve.php,473,0,0
1610553391570,334,-16,200,OK,jp@gc - Ultimate Thread Group 1-2,text,true,,1368,338,20,20,https://blazedemo.com/,332,0,38
1610553391748,331,-19,200,OK,jp@gc - Ultimate Thread Group 1-20,text,true,,1619,633,20,20,https://blazedemo.com/confirmation.php,330,0,0
1610553390526,1551,,200,"Number of samples in transaction : 4, number of failing samples : 0",jp@gc - Ultimate Thread Group 1-20,,true,,6085,2063,20,20,null,1549,3,35
1610553391190,1073,-16,200,OK,jp@gc - Ultimate Thread Group 1-19,text,true,,1550,338,20,20,https://blazedemo.com/,1071,0,39
1610553391904,361,-17,200,OK,jp@gc - Ultimate Thread Group 1-2,text,true,,1421,517,20,20,https://blazedemo.com/reserve.php,360,0,0
1610553392080,400,-16,200,OK,jp@gc - Ultimate Thread Group 1-20,text,true,,1545,338,20,20,https://blazedemo.com/,398,0,37
1610553392265,238,-18,200,OK,jp@gc - Ultimate Thread Group 1-2,text,true,,1610,575,20,20,https://blazedemo.com/purchase.php,236,0,0
1610553389625,2880,-17,200,OK,jp@gc - Ultimate Thread Group 1-3,text,true,,1415,517,20,20,https://blazedemo.com/reserve.php,2878,0,0
1610553388056,4651,-17,200,OK,jp@gc - Ultimate Thread Group 1-17,text,true,,1554,517,20,20,https://blazedemo.com/reserve.php,4649,0,0
1610553389275,3533,-18,200,OK,jp@gc - Ultimate Thread Group 1-4,text,true,,1752,575,20,20,https://blazedemo.com/purchase.php,3533,0,0
1610553392480,358,-17,200,OK,jp@gc - Ultimate Thread Group 1-20,text,true,,1512,517,20,20,https://blazedemo.com/reserve.php,357,0,0
1610553389150,3800,-17,200,OK,jp@gc - Ultimate Thread Group 1-15,text,true,,1460,517,20,20,https://blazedemo.com/reserve.php,3800,0,0
1610553392504,447,-19,200,OK,jp@gc - Ultimate Thread Group 1-2,text,true,,1569,633,20,20,https://blazedemo.com/confirmation.php,446,0,0
1610553391570,1380,,200,"Number of samples in transaction : 4, number of failing samples : 0",jp@gc - Ultimate Thread Group 1-2,,true,,5968,2063,20,20,null,1374,2,38
1610553392707,331,-18,200,OK,jp@gc - Ultimate Thread Group 1-17,text,true,,1656,575,20,20,https://blazedemo.com/purchase.php,330,0,0
1610553392505,576,-18,200,OK,jp@gc - Ultimate Thread Group 1-3,text,true,,1694,575,20,20,https://blazedemo.com/purchase.php,574,0,0
1610553386646,6450,-16,200,OK,jp@gc - Ultimate Thread Group 1-12,text,true,,1547,338,20,20,https://blazedemo.com/,6449,0,471
1610553392951,264,-18,200,OK,jp@gc - Ultimate Thread Group 1-15,text,true,,1729,575,20,20,https://blazedemo.com/purchase.php,262,0,0
1610553392952,358,-16,200,OK,jp@gc - Ultimate Thread Group 1-2,text,true,,1383,338,20,20,https://blazedemo.com/,357,0,36
1610553393097,232,-17,200,OK,jp@gc - Ultimate Thread Group 1-12,text,true,,1593,517,20,20,https://blazedemo.com/reserve.php,228,0,0
1610553391144,2225,-16,200,OK,jp@gc - Ultimate Thread Group 1-18,text,true,,1340,338,20,20,https://blazedemo.com/,2225,0,42
1610553391228,2147,-19,200,OK,jp@gc - Ultimate Thread Group 1-14,text,true,,1456,633,20,20,https://blazedemo.com/confirmation.php,2145,0,0
1610553390266,3106,,200,"Number of samples in transaction : 4, number of failing samples : 0",jp@gc - Ultimate Thread Group 1-14,,true,,6269,2063,20,20,null,3099,3,36
1610553393039,341,-19,200,OK,jp@gc - Ultimate Thread Group 1-17,text,true,,1641,633,20,20,https://blazedemo.com/confirmation.php,339,0,0
1610553386392,6854,,200,"Number of samples in transaction : 4, number of failing samples : 0",jp@gc - Ultimate Thread Group 1-17,,true,,6282,2063,20,20,null,6847,134,575
1610553393081,347,-19,200,OK,jp@gc - Ultimate Thread Group 1-3,text,true,,1465,633,20,20,https://blazedemo.com/confirmation.php,345,0,0
1610553387175,6250,,200,"Number of samples in transaction : 4, number of failing samples : 0",jp@gc - Ultimate Thread Group 1-3,,true,,6115,2063,20,20,null,6241,4,67
1610553393216,385,-19,200,OK,jp@gc - Ultimate Thread Group 1-15,text,true,,1624,633,20,20,https://blazedemo.com/confirmation.php,384,0,0
1610553388670,4927,,200,"Number of samples in transaction : 4, number of failing samples : 0",jp@gc - Ultimate Thread Group 1-15,,true,,6125,2063,20,20,null,4924,5,38
1610553391747,1857,-19,200,OK,jp@gc - Ultimate Thread Group 1-11,text,true,,1502,633,20,20,https://blazedemo.com/confirmation.php,1853,0,0
1610553390511,3093,,200,"Number of samples in transaction : 4, number of failing samples : 0",jp@gc - Ultimate Thread Group 1-11,,true,,6347,2063,20,20,null,3083,0,39
1610553393311,370,-17,200,OK,jp@gc - Ultimate Thread Group 1-2,text,true,,1551,517,20,20,https://blazedemo.com/reserve.php,368,0,0
1610553393370,349,-17,200,OK,jp@gc - Ultimate Thread Group 1-18,text,true,,1573,517,20,20,https://blazedemo.com/reserve.php,346,0,0
1610553393429,292,-16,200,OK,jp@gc - Ultimate Thread Group 1-3,text,true,,1476,338,20,20,https://blazedemo.com/,291,0,40
1610553393376,373,-16,200,OK,jp@gc - Ultimate Thread Group 1-14,text,true,,1367,338,20,20,https://blazedemo.com/,371,0,36
1610553393381,378,-16,200,OK,jp@gc - Ultimate Thread Group 1-17,text,true,,1490,338,20,20,https://blazedemo.com/,376,0,37
1610553388502,5359,-16,200,OK,jp@gc - Ultimate Thread Group 1-7,text,true,,1370,338,20,20,https://blazedemo.com/,5358,0,43
1610553393605,356,-16,200,OK,jp@gc - Ultimate Thread Group 1-11,text,true,,1481,338,20,20,https://blazedemo.com/,354,0,38
1610553393719,251,-18,200,OK,jp@gc - Ultimate Thread Group 1-18,text,true,,1852,575,20,20,https://blazedemo.com/purchase.php,248,0,0
1610553393681,317,-18,200,OK,jp@gc - Ultimate Thread Group 1-2,text,true,,1816,575,20,20,https://blazedemo.com/purchase.php,317,0,0
1610553393721,296,-17,200,OK,jp@gc - Ultimate Thread Group 1-3,text,true,,1537,517,20,20,https://blazedemo.com/reserve.php,294,0,0
1610553393759,272,-17,200,OK,jp@gc - Ultimate Thread Group 1-17,text,true,,1492,517,20,20,https://blazedemo.com/reserve.php,272,0,0
1610553393602,466,-16,200,OK,jp@gc - Ultimate Thread Group 1-15,text,true,,1456,338,20,20,https://blazedemo.com/,466,0,36
1610553393970,372,-19,200,OK,jp@gc - Ultimate Thread Group 1-18,text,true,,1526,633,20,20,https://blazedemo.com/confirmation.php,370,0,0
1610553391144,3197,,200,"Number of samples in transaction : 4, number of failing samples : 0",jp@gc - Ultimate Thread Group 1-18,,true,,6291,2063,20,20,null,3189,1,42
1610553393962,431,-17,200,OK,jp@gc - Ultimate Thread Group 1-11,text,true,,1469,517,20,20,https://blazedemo.com/reserve.php,427,0,0
1610553393998,464,-19,200,OK,jp@gc - Ultimate Thread Group 1-2,text,true,,1606,633,20,20,https://blazedemo.com/confirmation.php,463,0,0
1610553392952,1509,,200,"Number of samples in transaction : 4, number of failing samples : 0",jp@gc - Ultimate Thread Group 1-2,,true,,6356,2063,20,20,null,1505,1,36
1610553394017,456,-18,200,OK,jp@gc - Ultimate Thread Group 1-3,text,true,,1816,575,20,20,https://blazedemo.com/purchase.php,456,0,0
1610553389616,4982,-16,200,OK,jp@gc - Ultimate Thread Group 1-5,text,true,,1438,338,20,20,https://blazedemo.com/,4979,0,40
1610553394393,308,-18,200,OK,jp@gc - Ultimate Thread Group 1-11,text,true,,1825,575,20,20,https://blazedemo.com/purchase.php,308,0,0
1610553391876,2906,-18,200,OK,jp@gc - Ultimate Thread Group 1-9,text,true,,1834,575,20,20,https://blazedemo.com/purchase.php,2906,0,0
1610553394599,240,-17,200,OK,jp@gc - Ultimate Thread Group 1-5,text,true,,1442,517,20,20,https://blazedemo.com/reserve.php,237,0,0
1610553394069,846,-17,200,OK,jp@gc - Ultimate Thread Group 1-15,text,true,,1519,517,20,20,https://blazedemo.com/reserve.php,846,0,0
1610553394031,1021,-18,200,OK,jp@gc - Ultimate Thread Group 1-17,text,true,,1731,575,20,20,https://blazedemo.com/purchase.php,1020,0,0
1610553394916,297,-18,200,OK,jp@gc - Ultimate Thread Group 1-15,text,true,,1727,575,20,20,https://blazedemo.com/purchase.php,296,0,0
1610553394840,399,-18,200,OK,jp@gc - Ultimate Thread Group 1-5,text,true,,1832,575,20,20,https://blazedemo.com/purchase.php,397,0,0
1610553388372,6915,-16,200,OK,jp@gc - Ultimate Thread Group 1-6,text,true,,1332,338,20,20,https://blazedemo.com/,6913,0,39
1610553395053,244,-19,200,OK,jp@gc - Ultimate Thread Group 1-17,text,true,,1484,633,20,20,https://blazedemo.com/confirmation.php,242,0,0
1610553393380,1915,,200,"Number of samples in transaction : 4, number of failing samples : 0",jp@gc - Ultimate Thread Group 1-17,,true,,6197,2063,20,20,null,1910,2,37
1610553394473,916,-19,200,OK,jp@gc - Ultimate Thread Group 1-3,text,true,,1644,633,20,20,https://blazedemo.com/confirmation.php,915,0,0
1610553393429,1960,,200,"Number of samples in transaction : 4, number of failing samples : 0",jp@gc - Ultimate Thread Group 1-3,,true,,6473,2063,20,20,null,1956,0,40
1610553395213,238,-19,200,OK,jp@gc - Ultimate Thread Group 1-15,text,true,,1632,633,20,20,https://blazedemo.com/confirmation.php,237,0,0
1610553393602,1847,,200,"Number of samples in transaction : 4, number of failing samples : 0",jp@gc - Ultimate Thread Group 1-15,,true,,6334,2063,20,20,null,1845,2,36
1610553395240,247,-19,200,OK,jp@gc - Ultimate Thread Group 1-5,text,true,,1618,633,20,20,https://blazedemo.com/confirmation.php,247,0,0
1610553389615,5868,,200,"Number of samples in transaction : 4, number of failing samples : 0",jp@gc - Ultimate Thread Group 1-5,,true,,6330,2063,20,20,null,5860,4,40
1610553390557,4989,-17,200,OK,jp@gc - Ultimate Thread Group 1-10,text,true,,1459,517,20,20,https://blazedemo.com/reserve.php,4986,0,0
1610553395287,306,-17,200,OK,jp@gc - Ultimate Thread Group 1-6,text,true,,1454,517,20,20,https://blazedemo.com/reserve.php,302,0,0
1610553392263,3372,-17,200,OK,jp@gc - Ultimate Thread Group 1-19,text,true,,1540,517,20,20,https://blazedemo.com/reserve.php,3368,0,0
1610553394783,862,-19,200,OK,jp@gc - Ultimate Thread Group 1-9,text,true,,1645,633,20,20,https://blazedemo.com/confirmation.php,862,0,0
1610553391114,4530,,200,"Number of samples in transaction : 4, number of failing samples : 0",jp@gc - Ultimate Thread Group 1-9,,true,,6410,2063,20,20,null,4529,1,41
1610553395298,401,-16,200,OK,jp@gc - Ultimate Thread Group 1-17,text,true,,1338,338,20,20,https://blazedemo.com/,401,0,36
1610553395390,377,-16,200,OK,jp@gc - Ultimate Thread Group 1-3,text,true,,1316,338,20,20,https://blazedemo.com/,377,0,35
1610553395547,275,-18,200,OK,jp@gc - Ultimate Thread Group 1-10,text,true,,1651,575,20,20,https://blazedemo.com/purchase.php,275,0,0
1610553395593,375,-18,200,OK,jp@gc - Ultimate Thread Group 1-6,text,true,,1789,575,20,20,https://blazedemo.com/purchase.php,372,0,0
1610553395646,412,-16,200,OK,jp@gc - Ultimate Thread Group 1-9,text,true,,1540,338,20,20,https://blazedemo.com/,412,0,54
1610553395699,375,-17,200,OK,jp@gc - Ultimate Thread Group 1-17,text,true,,1468,517,20,20,https://blazedemo.com/reserve.php,374,0,0
1610553395768,398,-17,200,OK,jp@gc - Ultimate Thread Group 1-3,text,true,,1488,517,20,20,https://blazedemo.com/reserve.php,398,0,0
1610553395968,310,-19,200,OK,jp@gc - Ultimate Thread Group 1-6,text,true,,1408,633,36,36,https://blazedemo.com/confirmation.php,309,0,0
1610553388371,7906,,200,"Number of samples in transaction : 4, number of failing samples : 0",jp@gc - Ultimate Thread Group 1-6,,true,,5983,2063,36,36,null,7896,1,39
1610553395488,895,-16,200,OK,jp@gc - Ultimate Thread Group 1-5,text,true,,1561,338,51,51,https://blazedemo.com/,894,0,36
1610553388455,7972,-19,200,OK,jp@gc - Ultimate Thread Group 1-1,text,true,,1569,633,60,60,https://blazedemo.com/confirmation.php,7972,0,0
1610553387230,9193,,200,"Number of samples in transaction : 4, number of failing samples : 0",jp@gc - Ultimate Thread Group 1-1,,true,,6371,2063,60,60,null,9189,5,64
1610553396198,308,-16,200,OK,jp@gc - Ultimate Thread Group 1-218,text,true,,1383,338,70,70,https://blazedemo.com/,302,0,49
1610553396219,344,-16,200,OK,jp@gc - Ultimate Thread Group 1-216,text,true,,1406,338,80,80,https://blazedemo.com/,344,0,40
1610553396249,337,-16,200,OK,jp@gc - Ultimate Thread Group 1-210,text,true,,1514,338,81,81,https://blazedemo.com/,336,0,46
1610553396280,339,-16,200,OK,jp@gc - Ultimate Thread Group 1-204,text,true,,1349,338,90,90,https://blazedemo.com/,337,0,48
1610553396167,471,-18,200,OK,jp@gc - Ultimate Thread Group 1-3,text,true,,1614,575,90,90,https://blazedemo.com/purchase.php,471,0,0
1610553396188,452,-16,200,OK,jp@gc - Ultimate Thread Group 1-220,text,true,,1427,338,90,90,https://blazedemo.com/,451,0,51
1610553396059,588,-17,200,OK,jp@gc - Ultimate Thread Group 1-9,text,true,,1443,517,90,90,https://blazedemo.com/reserve.php,588,0,0
1610553396314,334,-16,200,OK,jp@gc - Ultimate Thread Group 1-201,text,true,,1428,338,90,90,https://blazedemo.com/,333,0,36
1610553396319,332,-16,200,OK,jp@gc - Ultimate Thread Group 1-200,text,true,,1374,338,90,90,https://blazedemo.com/,330,0,39
1610553396352,353,-16,200,OK,jp@gc - Ultimate Thread Group 1-192,text,true,,1345,338,100,100,https://blazedemo.com/,349,0,49
1610553396394,325,-16,200,OK,jp@gc - Ultimate Thread Group 1-181,text,true,,1415,338,100,100,https://blazedemo.com/,325,0,53
1610553396389,333,-16,200,OK,jp@gc - Ultimate Thread Group 1-186,text,true,,1485,338,103,103,https://blazedemo.com/,309,0,48
1610553396221,510,-16,200,OK,jp@gc - Ultimate Thread Group 1-214,text,true,,1465,338,106,106,https://blazedemo.com/,506,0,44
1610553396321,429,-16,200,OK,jp@gc - Ultimate Thread Group 1-197,text,true,,1443,338,108,108,https://blazedemo.com/,429,0,43
1610553391622,5134,-17,200,OK,jp@gc - Ultimate Thread Group 1-13,text,true,,1449,517,111,111,https://blazedemo.com/reserve.php,5131,0,0
1610553396279,478,-16,200,OK,jp@gc - Ultimate Thread Group 1-6,text,true,,1369,338,111,111,https://blazedemo.com/,478,0,37
1610553396193,587,-16,200,OK,jp@gc - Ultimate Thread Group 1-219,text,true,,1525,338,111,111,https://blazedemo.com/,587,0,50
1610553396346,436,-16,200,OK,jp@gc - Ultimate Thread Group 1-194,text,true,,1484,338,111,111,https://blazedemo.com/,435,0,41
1610553396465,340,-16,200,OK,jp@gc - Ultimate Thread Group 1-176,text,true,,1360,338,115,115,https://blazedemo.com/,339,0,47
1610553396498,343,-16,200,OK,jp@gc - Ultimate Thread Group 1-172,text,true,,1461,338,126,126,https://blazedemo.com/,343,0,49
1610553396351,490,-16,200,OK,jp@gc - Ultimate Thread Group 1-193,text,true,,1541,338,126,126,https://blazedemo.com/,487,0,44
1610553396275,581,-16,200,OK,jp@gc - Ultimate Thread Group 1-207,text,true,,1422,338,126,126,https://blazedemo.com/,577,0,36
1610553396563,295,-17,200,OK,jp@gc - Ultimate Thread Group 1-216,text,true,,1424,517,126,126,https://blazedemo.com/reserve.php,294,0,0
1610553396074,785,-18,200,OK,jp@gc - Ultimate Thread Group 1-17,text,true,,1821,575,126,126,https://blazedemo.com/purchase.php,784,0,0
1610553396557,302,-16,200,OK,jp@gc - Ultimate Thread Group 1-165,text,true,,1535,338,126,126,https://blazedemo.com/,302,0,47
1610553396281,606,-16,200,OK,jp@gc - Ultimate Thread Group 1-203,text,true,,1432,338,130,130,https://blazedemo.com/,595,0,49
1610553396249,644,-16,200,OK,jp@gc - Ultimate Thread Group 1-211,text,true,,1429,338,130,130,https://blazedemo.com/,644,0,37
1610553396557,343,-16,200,OK,jp@gc - Ultimate Thread Group 1-164,text,true,,1550,338,130,130,https://blazedemo.com/,343,0,49
1610553396460,449,-16,200,OK,jp@gc - Ultimate Thread Group 1-179,text,true,,1396,338,130,130,https://blazedemo.com/,441,0,51
1610553390615,6345,-17,200,OK,jp@gc - Ultimate Thread Group 1-8,text,true,,1568,517,138,138,https://blazedemo.com/reserve.php,6345,0,0
1610553396662,311,-16,200,OK,jp@gc - Ultimate Thread Group 1-156,text,true,,1424,338,144,144,https://blazedemo.com/,308,0,38
1610553396672,316,-16,200,OK,jp@gc - Ultimate Thread Group 1-161,text,true,,1524,338,144,144,https://blazedemo.com/,316,0,55
1610553396695,306,-16,200,OK,jp@gc - Ultimate Thread Group 1-160,text,true,,1446,338,144,144,https://blazedemo.com/,306,0,41
1610553396462,543,-16,200,OK,jp@gc - Ultimate Thread Group 1-178,text,true,,1511,338,144,144,https://blazedemo.com/,543,0,46
1610553396607,401,-16,200,OK,jp@gc - Ultimate Thread Group 1-151,text,true,,1325,338,144,144,https://blazedemo.com/,401,0,39
1610553396589,486,-17,200,OK,jp@gc - Ultimate Thread Group 1-210,text,true,,1635,517,153,153,https://blazedemo.com/reserve.php,486,0,0
1610553396553,523,-16,200,OK,jp@gc - Ultimate Thread Group 1-166,text,true,,1552,338,153,153,https://blazedemo.com/,522,0,47
1610553396696,385,-16,200,OK,jp@gc - Ultimate Thread Group 1-133,text,true,,1353,338,153,153,https://blazedemo.com/,385,0,47
1610553396562,538,-16,200,OK,jp@gc - Ultimate Thread Group 1-154,text,true,,1315,338,154,154,https://blazedemo.com/,537,0,67
1610553396859,243,-17,200,OK,jp@gc - Ultimate Thread Group 1-165,text,true,,1411,517,154,154,https://blazedemo.com/reserve.php,243,0,0
1610553396559,551,-16,200,OK,jp@gc - Ultimate Thread Group 1-149,text,true,,1373,338,154,154,https://blazedemo.com/,550,0,220
1610553396560,567,-16,200,OK,jp@gc - Ultimate Thread Group 1-163,text,true,,1536,338,157,157,https://blazedemo.com/,567,0,52
1610553396792,336,-16,200,OK,jp@gc - Ultimate Thread Group 1-131,text,true,,1368,338,157,157,https://blazedemo.com/,334,0,48
1610553396859,276,-19,200,OK,jp@gc - Ultimate Thread Group 1-17,text,true,,1512,633,157,157,https://blazedemo.com/confirmation.php,276,0,0
1610553395297,1837,,200,"Number of samples in transaction : 4, number of failing samples : 0",jp@gc - Ultimate Thread Group 1-17,,true,,6139,2063,157,157,null,1835,1,36
1610553396696,439,-16,200,OK,jp@gc - Ultimate Thread Group 1-130,text,true,,1359,338,157,157,https://blazedemo.com/,439,0,46
1610553396619,528,-17,200,OK,jp@gc - Ultimate Thread Group 1-204,text,true,,1570,517,169,169,https://blazedemo.com/reserve.php,525,0,0
1610553396818,332,-16,200,OK,jp@gc - Ultimate Thread Group 1-120,text,true,,1383,338,169,169,https://blazedemo.com/,330,0,53
1610553396841,316,-17,200,OK,jp@gc - Ultimate Thread Group 1-172,text,true,,1497,517,169,169,https://blazedemo.com/reserve.php,315,0,0
1610553396782,384,-17,200,OK,jp@gc - Ultimate Thread Group 1-194,text,true,,1456,517,169,169,https://blazedemo.com/reserve.php,384,0,0
1610553396651,534,-17,200,OK,jp@gc - Ultimate Thread Group 1-200,text,true,,1554,517,169,169,https://blazedemo.com/reserve.php,534,0,0
1610553396552,634,-16,200,OK,jp@gc - Ultimate Thread Group 1-168,text,true,,1517,338,169,169,https://blazedemo.com/,634,0,42
1610553396648,539,-17,200,OK,jp@gc - Ultimate Thread Group 1-201,text,true,,1398,517,169,169,https://blazedemo.com/reserve.php,539,0,0
1610553396385,811,-16,200,OK,jp@gc - Ultimate Thread Group 1-190,text,true,,1451,338,169,169,https://blazedemo.com/,810,0,45
1610553396731,476,-17,200,OK,jp@gc - Ultimate Thread Group 1-214,text,true,,1429,517,170,170,https://blazedemo.com/reserve.php,469,0,0
1610553396511,708,-16,200,OK,jp@gc - Ultimate Thread Group 1-173,text,true,,1333,338,170,170,https://blazedemo.com/,708,0,65
1610553396922,308,-16,200,OK,jp@gc - Ultimate Thread Group 1-108,text,true,,1307,338,175,175,https://blazedemo.com/,305,0,55
1610553396223,1022,-16,200,OK,jp@gc - Ultimate Thread Group 1-213,text,true,,1443,338,180,180,https://blazedemo.com/,1022,0,48
1610553396900,346,-17,200,OK,jp@gc - Ultimate Thread Group 1-164,text,true,,1561,517,180,180,https://blazedemo.com/reserve.php,346,0,0
1610553396251,1016,-16,200,OK,jp@gc - Ultimate Thread Group 1-209,text,true,,1337,338,180,180,https://blazedemo.com/,1016,0,48
1610553396722,556,-16,200,OK,jp@gc - Ultimate Thread Group 1-162,text,true,,1413,338,180,180,https://blazedemo.com/,554,0,40
1610553396963,353,-16,200,OK,jp@gc - Ultimate Thread Group 1-103,text,true,,1408,338,186,186,https://blazedemo.com/,350,0,45
1610553396640,677,-17,200,OK,jp@gc - Ultimate Thread Group 1-220,text,true,,1470,517,186,186,https://blazedemo.com/reserve.php,674,0,0
1610553396747,592,-16,200,OK,jp@gc - Ultimate Thread Group 1-140,text,true,,1459,338,191,191,https://blazedemo.com/,589,0,43
1610553396819,525,-16,200,OK,jp@gc - Ultimate Thread Group 1-119,text,true,,1435,338,194,194,https://blazedemo.com/,522,0,67
1610553397045,320,-16,200,OK,jp@gc - Ultimate Thread Group 1-90,text,true,,1374,338,195,195,https://blazedemo.com/,320,0,64
1610553396937,438,-16,200,OK,jp@gc - Ultimate Thread Group 1-107,text,true,,1549,338,195,195,https://blazedemo.com/,438,0,61
1610553396942,434,-16,200,OK,jp@gc - Ultimate Thread Group 1-104,text,true,,1380,338,195,195,https://blazedemo.com/,434,0,69
1610553397006,374,-17,200,OK,jp@gc - Ultimate Thread Group 1-178,text,true,,1545,517,195,195,https://blazedemo.com/reserve.php,374,0,0
1610553396321,1067,-16,200,OK,jp@gc - Ultimate Thread Group 1-199,text,true,,1371,338,195,195,https://blazedemo.com/,1067,0,48
1610553396750,641,-16,200,OK,jp@gc - Ultimate Thread Group 1-139,text,true,,1355,338,197,197,https://blazedemo.com/,640,0,50
1610553396909,486,-17,200,OK,jp@gc - Ultimate Thread Group 1-179,text,true,,1528,517,197,197,https://blazedemo.com/reserve.php,481,0,0
1610553396721,700,-16,200,OK,jp@gc - Ultimate Thread Group 1-128,text,true,,1430,338,202,202,https://blazedemo.com/,700,0,46
1610553397112,329,-16,200,OK,jp@gc - Ultimate Thread Group 1-86,text,true,,1413,338,206,206,https://blazedemo.com/,329,0,60
1610553396858,599,-18,200,OK,jp@gc - Ultimate Thread Group 1-216,text,true,,1811,575,206,206,https://blazedemo.com/purchase.php,599,0,0
1610553396910,568,-16,200,OK,jp@gc - Ultimate Thread Group 1-111,text,true,,1522,338,206,206,https://blazedemo.com/,567,0,39
1610553397187,307,-18,200,OK,jp@gc - Ultimate Thread Group 1-201,text,true,,1751,575,212,212,https://blazedemo.com/purchase.php,304,0,0
1610553397247,260,-18,200,OK,jp@gc - Ultimate Thread Group 1-164,text,true,,1833,575,212,212,https://blazedemo.com/purchase.php,260,0,0
1610553397128,380,-17,200,OK,jp@gc - Ultimate Thread Group 1-131,text,true,,1483,517,212,212,https://blazedemo.com/reserve.php,380,0,0
1610553397230,310,-17,200,OK,jp@gc - Ultimate Thread Group 1-108,text,true,,1516,517,215,215,https://blazedemo.com/reserve.php,310,0,0
1610553396550,1005,-16,200,OK,jp@gc - Ultimate Thread Group 1-169,text,true,,1321,338,216,216,https://blazedemo.com/,1005,0,39
1610553396506,1062,-17,200,OK,jp@gc - Ultimate Thread Group 1-218,text,true,,1421,517,220,220,https://blazedemo.com/reserve.php,1057,0,0
1610553397038,570,-16,200,OK,jp@gc - Ultimate Thread Group 1-95,text,true,,1313,338,220,220,https://blazedemo.com/,570,0,42
1610553393749,3859,-17,200,OK,jp@gc - Ultimate Thread Group 1-14,text,true,,1428,517,220,220,https://blazedemo.com/reserve.php,3859,0,0
1610553396961,652,-18,200,OK,jp@gc - Ultimate Thread Group 1-8,text,true,,1612,575,220,220,https://blazedemo.com/purchase.php,651,0,0
1610553396393,1229,-16,200,OK,jp@gc - Ultimate Thread Group 1-182,text,true,,1529,338,220,220,https://blazedemo.com/,1229,0,59
1610553397335,300,-16,200,OK,jp@gc - Ultimate Thread Group 1-53,text,true,,1385,338,220,220,https://blazedemo.com/,300,0,45
1610553397200,441,-16,200,OK,jp@gc - Ultimate Thread Group 1-72,text,true,,1411,338,220,220,https://blazedemo.com/,439,0,50
1610553397226,435,-16,200,OK,jp@gc - Ultimate Thread Group 1-70,text,true,,1442,338,220,220,https://blazedemo.com/,435,0,46
1610553397245,419,-17,200,OK,jp@gc - Ultimate Thread Group 1-213,text,true,,1396,517,220,220,https://blazedemo.com/reserve.php,417,0,0
1610553397319,359,-16,200,OK,jp@gc - Ultimate Thread Group 1-55,text,true,,1365,338,220,220,https://blazedemo.com/,357,0,61
1610553397230,468,-16,200,OK,jp@gc - Ultimate Thread Group 1-66,text,true,,1471,338,220,220,https://blazedemo.com/,466,0,51
1610553397277,445,-16,200,OK,jp@gc - Ultimate Thread Group 1-61,text,true,,1442,338,220,220,https://blazedemo.com/,445,0,45
1610553397235,491,-16,200,OK,jp@gc - Ultimate Thread Group 1-63,text,true,,1313,338,220,220,https://blazedemo.com/,491,0,82
1610553397317,417,-18,200,OK,jp@gc - Ultimate Thread Group 1-220,text,true,,1784,575,220,220,https://blazedemo.com/purchase.php,416,0,0
1610553397390,344,-16,200,OK,jp@gc - Ultimate Thread Group 1-47,text,true,,1485,338,220,220,https://blazedemo.com/,343,0,40
1610553396638,1104,-19,200,OK,jp@gc - Ultimate Thread Group 1-3,text,true,,1438,633,220,220,https://blazedemo.com/confirmation.php,1100,0,0
1610553395389,2350,,200,"Number of samples in transaction : 4, number of failing samples : 0",jp@gc - Ultimate Thread Group 1-3,,true,,5856,2063,220,220,null,2346,3,35
1610553396464,1301,-16,200,OK,jp@gc - Ultimate Thread Group 1-177,text,true,,1537,338,220,220,https://blazedemo.com/,1301,0,40
1610553390272,7509,-18,200,OK,jp@gc - Ultimate Thread Group 1-16,text,true,,1745,575,220,220,https://blazedemo.com/purchase.php,7507,0,0
1610553397402,396,-16,200,OK,jp@gc - Ultimate Thread Group 1-45,text,true,,1518,338,220,220,https://blazedemo.com/,394,0,47
1610553397310,488,-16,200,OK,jp@gc - Ultimate Thread Group 1-58,text,true,,1335,338,220,220,https://blazedemo.com/,486,0,60
1610553396428,1377,-16,200,OK,jp@gc - Ultimate Thread Group 1-1,text,true,,1347,338,220,220,https://blazedemo.com/,1377,0,42
1610553397381,426,-18,200,OK,jp@gc - Ultimate Thread Group 1-178,text,true,,1652,575,220,220,https://blazedemo.com/purchase.php,425,0,0
1610553396466,1374,-16,200,OK,jp@gc - Ultimate Thread Group 1-175,text,true,,1466,338,220,220,https://blazedemo.com/,1373,0,56
1610553397232,615,-16,200,OK,jp@gc - Ultimate Thread Group 1-65,text,true,,1355,338,220,220,https://blazedemo.com/,614,0,66
1610553396666,1209,-16,200,OK,jp@gc - Ultimate Thread Group 1-158,text,true,,1384,338,220,220,https://blazedemo.com/,1209,0,55
1610553396614,1296,-16,200,OK,jp@gc - Ultimate Thread Group 1-150,text,true,,1561,338,220,220,https://blazedemo.com/,1296,0,41
1610553397316,615,-17,200,OK,jp@gc - Ultimate Thread Group 1-103,text,true,,1473,517,220,220,https://blazedemo.com/reserve.php,615,0,0
1610553397278,661,-16,200,OK,jp@gc - Ultimate Thread Group 1-62,text,true,,1496,338,220,220,https://blazedemo.com/,660,0,42
1610553397412,603,-16,200,OK,jp@gc - Ultimate Thread Group 1-41,text,true,,1492,338,220,220,https://blazedemo.com/,603,0,57
1610553397340,684,-16,200,OK,jp@gc - Ultimate Thread Group 1-51,text,true,,1380,338,220,220,https://blazedemo.com/,682,0,61
1610553397561,463,-16,200,OK,jp@gc - Ultimate Thread Group 1-23,text,true,,1420,338,220,220,https://blazedemo.com/,463,0,84
1610553397312,717,-16,200,OK,jp@gc - Ultimate Thread Group 1-56,text,true,,1474,338,220,220,https://blazedemo.com/,715,0,40
1610553397458,586,-19,200,OK,jp@gc - Ultimate Thread Group 1-216,text,true,,1552,633,220,220,https://blazedemo.com/confirmation.php,586,0,0
1610553396218,1824,,200,"Number of samples in transaction : 4, number of failing samples : 0",jp@gc - Ultimate Thread Group 1-216,,true,,6193,2063,220,220,null,1823,2,40
1610553397392,668,-17,200,OK,jp@gc - Ultimate Thread Group 1-139,text,true,,1419,517,220,220,https://blazedemo.com/reserve.php,668,0,0
1610553397342,743,-16,200,OK,jp@gc - Ultimate Thread Group 1-49,text,true,,1402,338,220,220,https://blazedemo.com/,743,0,55
1610553396616,1469,-16,200,OK,jp@gc - Ultimate Thread Group 1-146,text,true,,1379,338,220,220,https://blazedemo.com/,1467,0,42
1610553396616,1469,-16,200,OK,jp@gc - Ultimate Thread Group 1-144,text,true,,1371,338,220,220,https://blazedemo.com/,1468,0,45
1610553397341,747,-16,200,OK,jp@gc - Ultimate Thread Group 1-48,text,true,,1353,338,220,220,https://blazedemo.com/,747,0,60
1610553397040,1055,-16,200,OK,jp@gc - Ultimate Thread Group 1-94,text,true,,1371,338,220,220,https://blazedemo.com/,1053,0,41
1610553397622,486,-17,200,OK,jp@gc - Ultimate Thread Group 1-182,text,true,,1634,517,220,220,https://blazedemo.com/reserve.php,485,0,0
1610553396620,1491,-16,200,OK,jp@gc - Ultimate Thread Group 1-148,text,true,,1491,338,220,220,https://blazedemo.com/,1491,0,62
1610553396968,1152,-16,200,OK,jp@gc - Ultimate Thread Group 1-100,text,true,,1527,338,220,220,https://blazedemo.com/,1152,0,51
1610553397082,1047,-17,200,OK,jp@gc - Ultimate Thread Group 1-133,text,true,,1568,517,220,220,https://blazedemo.com/reserve.php,1045,0,0
1610553397556,578,-17,200,OK,jp@gc - Ultimate Thread Group 1-169,text,true,,1560,517,220,220,https://blazedemo.com/reserve.php,578,0,0
1610553396893,1290,-17,200,OK,jp@gc - Ultimate Thread Group 1-211,text,true,,1490,517,220,220,https://blazedemo.com/reserve.php,1290,0,0
1610553397608,587,-18,200,OK,jp@gc - Ultimate Thread Group 1-14,text,true,,1722,575,220,220,https://blazedemo.com/purchase.php,586,0,0
1610553396939,1259,-16,200,OK,jp@gc - Ultimate Thread Group 1-105,text,true,,1381,338,220,220,https://blazedemo.com/,1255,0,48
1610553396753,1452,-16,200,OK,jp@gc - Ultimate Thread Group 1-137,text,true,,1346,338,220,220,https://blazedemo.com/,1449,0,56
1610553396662,1550,-16,200,OK,jp@gc - Ultimate Thread Group 1-145,text,true,,1526,338,220,220,https://blazedemo.com/,1547,0,48
1610553396781,1447,-17,200,OK,jp@gc - Ultimate Thread Group 1-219,text,true,,1437,517,220,220,https://blazedemo.com/reserve.php,1447,0,0
1610553396744,1548,-16,200,OK,jp@gc - Ultimate Thread Group 1-141,text,true,,1405,338,219,219,https://blazedemo.com/,1548,0,51
1610553397698,595,-17,200,OK,jp@gc - Ultimate Thread Group 1-66,text,true,,1635,517,219,219,https://blazedemo.com/reserve.php,595,0,0
1610553397665,651,-18,200,OK,jp@gc - Ultimate Thread Group 1-213,text,true,,1772,575,219,219,https://blazedemo.com/purchase.php,650,0,0
1610553397507,815,-19,200,OK,jp@gc - Ultimate Thread Group 1-164,text,true,,1501,633,218,218,https://blazedemo.com/confirmation.php,815,0,0
1610553396557,1764,,200,"Number of samples in transaction : 4, number of failing samples : 0",jp@gc - Ultimate Thread Group 1-164,,true,,6445,2063,218,218,null,1764,1,49
1610553396856,1498,-17,200,OK,jp@gc - Ultimate Thread Group 1-207,text,true,,1431,517,218,218,https://blazedemo.com/reserve.php,1494,0,0
1610553397734,622,-19,200,OK,jp@gc - Ultimate Thread Group 1-220,text,true,,1483,633,217,217,https://blazedemo.com/confirmation.php,619,0,0
1610553396187,2168,,200,"Number of samples in transaction : 4, number of failing samples : 0",jp@gc - Ultimate Thread Group 1-220,,true,,6164,2063,217,217,null,2160,1,51
1610553396724,1652,-16,200,OK,jp@gc - Ultimate Thread Group 1-127,text,true,,1544,338,216,216,https://blazedemo.com/,1652,0,49
1610553396595,1803,-16,200,OK,jp@gc - Ultimate Thread Group 1-153,text,true,,1360,338,216,216,https://blazedemo.com/,1802,0,42
1610553397636,772,-17,200,OK,jp@gc - Ultimate Thread Group 1-53,text,true,,1528,517,216,216,https://blazedemo.com/reserve.php,772,0,0
1610553398030,394,-17,200,OK,jp@gc - Ultimate Thread Group 1-56,text,true,,1394,517,216,216,https://blazedemo.com/reserve.php,392,0,0
1610553398025,402,-17,200,OK,jp@gc - Ultimate Thread Group 1-23,text,true,,1442,517,216,216,https://blazedemo.com/reserve.php,401,0,0
1610553396791,1647,-16,200,OK,jp@gc - Ultimate Thread Group 1-126,text,true,,1326,338,216,216,https://blazedemo.com/,1645,0,49
1610553397798,651,-17,200,OK,jp@gc - Ultimate Thread Group 1-45,text,true,,1459,517,216,216,https://blazedemo.com/reserve.php,647,0,0
1610553397136,1316,-16,200,OK,jp@gc - Ultimate Thread Group 1-17,text,true,,1504,338,216,216,https://blazedemo.com/,1314,0,57
1610553396805,1659,-17,200,OK,jp@gc - Ultimate Thread Group 1-176,text,true,,1534,517,216,216,https://blazedemo.com/reserve.php,1657,0,0
1610553397225,1245,-16,200,OK,jp@gc - Ultimate Thread Group 1-71,text,true,,1328,338,215,215,https://blazedemo.com/,1245,0,46
1610553396750,1723,-17,200,OK,jp@gc - Ultimate Thread Group 1-197,text,true,,1597,517,215,215,https://blazedemo.com/reserve.php,1723,0,0
1610553396612,1870,-16,200,OK,jp@gc - Ultimate Thread Group 1-152,text,true,,1405,338,214,214,https://blazedemo.com/,1867,0,39
1610553395635,2849,-18,200,OK,jp@gc - Ultimate Thread Group 1-19,text,true,,1717,575,214,214,https://blazedemo.com/purchase.php,2847,0,0
1610553397560,926,-16,200,OK,jp@gc - Ultimate Thread Group 1-22,text,true,,1375,338,214,214,https://blazedemo.com/,924,0,83
1610553397726,773,-17,200,OK,jp@gc - Ultimate Thread Group 1-63,text,true,,1439,517,214,214,https://blazedemo.com/reserve.php,772,0,0
1610553397781,744,-19,200,OK,jp@gc - Ultimate Thread Group 1-16,text,true,,1651,633,214,214,https://blazedemo.com/confirmation.php,741,0,0
1610553389581,8941,,200,"Number of samples in transaction : 4, number of failing samples : 0",jp@gc - Ultimate Thread Group 1-16,,true,,6155,2063,214,214,null,8933,3,40
1610553398089,439,-17,200,OK,jp@gc - Ultimate Thread Group 1-48,text,true,,1417,517,214,214,https://blazedemo.com/reserve.php,437,0,0
1610553398112,472,-17,200,OK,jp@gc - Ultimate Thread Group 1-148,text,true,,1573,517,214,214,https://blazedemo.com/reserve.php,472,0,0
1610553397765,834,-17,200,OK,jp@gc - Ultimate Thread Group 1-177,text,true,,1464,517,213,213,https://blazedemo.com/reserve.php,834,0,0
1610553398183,524,-18,200,OK,jp@gc - Ultimate Thread Group 1-211,text,true,,1729,575,212,212,https://blazedemo.com/purchase.php,524,0,0
1610553398205,508,-17,200,OK,jp@gc - Ultimate Thread Group 1-137,text,true,,1422,517,211,211,https://blazedemo.com/reserve.php,505,0,0
1610553393330,5389,-18,200,OK,jp@gc - Ultimate Thread Group 1-12,text,true,,1663,575,210,210,https://blazedemo.com/purchase.php,5387,0,0
1610553397268,1477,-17,200,OK,jp@gc - Ultimate Thread Group 1-209,text,true,,1444,517,210,210,https://blazedemo.com/reserve.php,1476,0,0
1610553398293,482,-17,200,OK,jp@gc - Ultimate Thread Group 1-141,text,true,,1626,517,209,209,https://blazedemo.com/reserve.php,481,0,0
1610553396728,2064,-16,200,OK,jp@gc - Ultimate Thread Group 1-143,text,true,,1339,338,208,208,https://blazedemo.com/,2062,0,56
1610553398409,388,-18,200,OK,jp@gc - Ultimate Thread Group 1-53,text,true,,1807,575,207,207,https://blazedemo.com/purchase.php,387,0,0
1610553398438,390,-17,200,OK,jp@gc - Ultimate Thread Group 1-126,text,true,,1498,517,207,207,https://blazedemo.com/reserve.php,388,0,0
1610553398085,764,-17,200,OK,jp@gc - Ultimate Thread Group 1-144,text,true,,1500,517,206,206,https://blazedemo.com/reserve.php,763,0,0
1610553398453,411,-17,200,OK,jp@gc - Ultimate Thread Group 1-17,text,true,,1484,517,205,205,https://blazedemo.com/reserve.php,410,0,0
1610553398060,806,-18,200,OK,jp@gc - Ultimate Thread Group 1-139,text,true,,1613,575,205,205,https://blazedemo.com/purchase.php,803,0,0
1610553398086,885,-17,200,OK,jp@gc - Ultimate Thread Group 1-49,text,true,,1545,517,204,204,https://blazedemo.com/reserve.php,885,0,0
1610553398525,511,-16,200,OK,jp@gc - Ultimate Thread Group 1-16,text,true,,1411,338,204,204,https://blazedemo.com/,508,0,35
1610553397388,1649,-17,200,OK,jp@gc - Ultimate Thread Group 1-199,text,true,,1599,517,204,204,https://blazedemo.com/reserve.php,1647,0,0
1610553398500,543,-18,200,OK,jp@gc - Ultimate Thread Group 1-63,text,true,,1644,575,203,203,https://blazedemo.com/purchase.php,540,0,0
1610553397404,1674,-16,200,OK,jp@gc - Ultimate Thread Group 1-43,text,true,,1512,338,202,202,https://blazedemo.com/,1672,0,50
1610553396216,2894,-16,200,OK,jp@gc - Ultimate Thread Group 1-217,text,true,,1387,338,201,201,https://blazedemo.com/,2894,0,37
1610553397166,1970,-18,200,OK,jp@gc - Ultimate Thread Group 1-194,text,true,,1799,575,200,200,https://blazedemo.com/purchase.php,1966,0,0
1610553398719,435,-19,200,OK,jp@gc - Ultimate Thread Group 1-12,text,true,,1616,633,199,199,https://blazedemo.com/confirmation.php,434,0,0
1610553386645,12506,,200,"Number of samples in transaction : 4, number of failing samples : 0",jp@gc - Ultimate Thread Group 1-12,,true,,6419,2063,199,199,null,12498,3,471
1610553394702,4466,-19,200,OK,jp@gc - Ultimate Thread Group 1-11,text,true,,1462,633,199,199,https://blazedemo.com/confirmation.php,4465,0,0
1610553393604,5561,,200,"Number of samples in transaction : 4, number of failing samples : 0",jp@gc - Ultimate Thread Group 1-11,,true,,6237,2063,199,199,null,5554,3,38
1610553397569,1610,-18,200,OK,jp@gc - Ultimate Thread Group 1-218,text,true,,1639,575,199,199,https://blazedemo.com/purchase.php,1607,0,0
1610553393861,5330,-17,200,OK,jp@gc - Ultimate Thread Group 1-7,text,true,,1536,517,198,198,https://blazedemo.com/reserve.php,5330,0,0
1610553397366,1826,-17,200,OK,jp@gc - Ultimate Thread Group 1-90,text,true,,1602,517,198,198,https://blazedemo.com/reserve.php,1822,0,0
1610553397375,1859,-17,200,OK,jp@gc - Ultimate Thread Group 1-107,text,true,,1513,517,197,197,https://blazedemo.com/reserve.php,1857,0,0
1610553398450,792,-18,200,OK,jp@gc - Ultimate Thread Group 1-45,text,true,,1616,575,196,196,https://blazedemo.com/purchase.php,792,0,0
1610553396255,3029,-16,200,OK,jp@gc - Ultimate Thread Group 1-208,text,true,,1354,338,195,195,https://blazedemo.com/,3025,0,49
1610553398293,1001,-18,200,OK,jp@gc - Ultimate Thread Group 1-66,text,true,,1623,575,194,194,https://blazedemo.com/purchase.php,999,0,0
1610553397876,1446,-17,200,OK,jp@gc - Ultimate Thread Group 1-158,text,true,,1540,517,193,193,https://blazedemo.com/reserve.php,1446,0,0
1610553399036,409,-17,200,OK,jp@gc - Ultimate Thread Group 1-16,text,true,,1605,517,192,192,https://blazedemo.com/reserve.php,407,0,0
1610553397226,2252,-16,200,OK,jp@gc - Ultimate Thread Group 1-69,text,true,,1543,338,192,192,https://blazedemo.com/,2251,0,49
1610553398323,1178,-16,200,OK,jp@gc - Ultimate Thread Group 1-164,text,true,,1478,338,191,191,https://blazedemo.com/,1175,0,36
1610553397282,2260,-16,200,OK,jp@gc - Ultimate Thread Group 1-60,text,true,,1444,338,190,190,https://blazedemo.com/,2260,0,50
1610553397723,1875,-17,200,OK,jp@gc - Ultimate Thread Group 1-61,text,true,,1581,517,189,189,https://blazedemo.com/reserve.php,1875,0,0
1610553399154,462,-16,200,OK,jp@gc - Ultimate Thread Group 1-12,text,true,,1452,338,188,188,https://blazedemo.com/,462,0,57
1610553398797,881,-19,200,OK,jp@gc - Ultimate Thread Group 1-53,text,true,,1590,633,188,188,https://blazedemo.com/confirmation.php,863,0,0
1610553397334,2341,,200,"Number of samples in transaction : 4, number of failing samples : 0",jp@gc - Ultimate Thread Group 1-53,,true,,6310,2063,188,188,null,2322,4,45
1610553398377,1316,-17,200,OK,jp@gc - Ultimate Thread Group 1-127,text,true,,1626,517,187,187,https://blazedemo.com/reserve.php,1316,0,0
1610553399445,319,-18,200,OK,jp@gc - Ultimate Thread Group 1-16,text,true,,1788,575,186,186,https://blazedemo.com/purchase.php,314,0,0
1610553396869,2901,-16,200,OK,jp@gc - Ultimate Thread Group 1-112,text,true,,1554,338,186,186,https://blazedemo.com/,2901,0,50
1610553396843,2950,-17,200,OK,jp@gc - Ultimate Thread Group 1-193,text,true,,1401,517,185,185,https://blazedemo.com/reserve.php,2950,0,0
1610553396867,2933,-16,200,OK,jp@gc - Ultimate Thread Group 1-113,text,true,,1369,338,184,184,https://blazedemo.com/,2930,0,40
1610553397798,2023,-17,200,OK,jp@gc - Ultimate Thread Group 1-58,text,true,,1597,517,183,183,https://blazedemo.com/reserve.php,2019,0,0
1610553397336,2502,-16,200,OK,jp@gc - Ultimate Thread Group 1-54,text,true,,1381,338,182,182,https://blazedemo.com/,2501,0,49
1610553397641,2258,-17,200,OK,jp@gc - Ultimate Thread Group 1-72,text,true,,1394,517,181,181,https://blazedemo.com/reserve.php,2256,0,0
1610553397480,2459,-16,200,OK,jp@gc - Ultimate Thread Group 1-34,text,true,,1450,338,180,180,https://blazedemo.com/,2457,0,41
1610553397734,2258,-17,200,OK,jp@gc - Ultimate Thread Group 1-47,text,true,,1491,517,179,179,https://blazedemo.com/reserve.php,2258,0,0
1610553397678,2328,-17,200,OK,jp@gc - Ultimate Thread Group 1-55,text,true,,1434,517,178,178,https://blazedemo.com/reserve.php,2325,0,0
1610553398015,1995,-17,200,OK,jp@gc - Ultimate Thread Group 1-41,text,true,,1476,517,177,177,https://blazedemo.com/reserve.php,1994,0,0
1610553397743,2294,-16,200,OK,jp@gc - Ultimate Thread Group 1-3,text,true,,1311,338,176,176,https://blazedemo.com/,2293,0,62
1610553398486,1590,-17,200,OK,jp@gc - Ultimate Thread Group 1-22,text,true,,1520,517,176,176,https://blazedemo.com/reserve.php,1589,0,0
1610553397547,2541,-16,200,OK,jp@gc - Ultimate Thread Group 1-25,text,true,,1403,338,175,175,https://blazedemo.com/,2541,0,91
1610553399617,515,-17,200,OK,jp@gc - Ultimate Thread Group 1-12,text,true,,1643,517,174,174,https://blazedemo.com/reserve.php,515,0,0
1610553398134,2001,-18,200,OK,jp@gc - Ultimate Thread Group 1-169,text,true,,1752,575,174,174,https://blazedemo.com/purchase.php,1997,0,0
1610553396821,3363,-16,200,OK,jp@gc - Ultimate Thread Group 1-116,text,true,,1430,338,173,173,https://blazedemo.com/,3362,0,55
1610553398470,1741,-17,200,OK,jp@gc - Ultimate Thread Group 1-71,text,true,,1494,517,172,172,https://blazedemo.com/reserve.php,1741,0,0
1610553398482,1764,-17,200,OK,jp@gc - Ultimate Thread Group 1-152,text,true,,1464,517,171,171,https://blazedemo.com/reserve.php,1761,0,0
1610553397478,2781,-17,200,OK,jp@gc - Ultimate Thread Group 1-111,text,true,,1565,517,170,170,https://blazedemo.com/reserve.php,2781,0,0
1610553396663,3619,-16,200,OK,jp@gc - Ultimate Thread Group 1-159,text,true,,1411,338,169,169,https://blazedemo.com/,3612,0,42
1610553396531,3771,-16,200,OK,jp@gc - Ultimate Thread Group 1-170,text,true,,1389,338,168,168,https://blazedemo.com/,3770,0,52
1610553398971,1373,-18,200,OK,jp@gc - Ultimate Thread Group 1-49,text,true,,1799,575,167,167,https://blazedemo.com/purchase.php,1372,0,0
1610553397805,2542,-17,200,OK,jp@gc - Ultimate Thread Group 1-1,text,true,,1425,517,166,166,https://blazedemo.com/reserve.php,2541,0,0
1610553398045,2367,-16,200,OK,jp@gc - Ultimate Thread Group 1-216,text,true,,1379,338,166,166,https://blazedemo.com/,2365,0,41
1610553396817,3618,-16,200,OK,jp@gc - Ultimate Thread Group 1-123,text,true,,1328,338,165,165,https://blazedemo.com/,3618,0,74
1610553396865,3580,-16,200,OK,jp@gc - Ultimate Thread Group 1-117,text,true,,1320,338,164,164,https://blazedemo.com/,3580,0,45
1610553396467,3986,-16,200,OK,jp@gc - Ultimate Thread Group 1-174,text,true,,1318,338,163,163,https://blazedemo.com/,3986,0,51
1610553398528,1961,-18,200,OK,jp@gc - Ultimate Thread Group 1-48,text,true,,1636,575,162,162,https://blazedemo.com/purchase.php,1961,0,0
1610553397940,2579,-17,200,OK,jp@gc - Ultimate Thread Group 1-62,text,true,,1491,517,161,161,https://blazedemo.com/reserve.php,2579,0,0
1610553398095,2493,-17,200,OK,jp@gc - Ultimate Thread Group 1-94,text,true,,1481,517,160,160,https://blazedemo.com/reserve.php,2492,0,0
1610553396813,3804,-16,200,OK,jp@gc - Ultimate Thread Group 1-124,text,true,,1408,338,159,159,https://blazedemo.com/,3804,0,49
1610553397840,2799,-17,200,OK,jp@gc - Ultimate Thread Group 1-175,text,true,,1521,517,158,158,https://blazedemo.com/reserve.php,2797,0,0
1610553398025,2624,-17,200,OK,jp@gc - Ultimate Thread Group 1-51,text,true,,1497,517,157,157,https://blazedemo.com/reserve.php,2621,0,0
1610553398864,1820,-18,200,OK,jp@gc - Ultimate Thread Group 1-17,text,true,,1637,575,156,156,https://blazedemo.com/purchase.php,1819,0,0
1610553396752,3939,-16,200,OK,jp@gc - Ultimate Thread Group 1-138,text,true,,1345,338,156,156,https://blazedemo.com/,3936,0,50
1610553398212,2503,-17,200,OK,jp@gc - Ultimate Thread Group 1-145,text,true,,1568,517,155,155,https://blazedemo.com/reserve.php,2501,0,0
1610553396720,4033,-17,200,OK,jp@gc - Ultimate Thread Group 1-181,text,true,,1587,517,154,154,https://blazedemo.com/reserve.php,4031,0,0
1610553397141,3660,-16,200,OK,jp@gc - Ultimate Thread Group 1-79,text,true,,1434,338,153,153,https://blazedemo.com/,3658,0,59
1610553396526,4355,-16,200,OK,jp@gc - Ultimate Thread Group 1-171,text,true,,1332,338,152,152,https://blazedemo.com/,4355,0,44
1610553397146,3814,-16,200,OK,jp@gc - Ultimate Thread Group 1-73,text,true,,1479,338,151,151,https://blazedemo.com/,3812,0,124
1610553397432,3566,-16,200,OK,jp@gc - Ultimate Thread Group 1-36,text,true,,1423,338,150,150,https://blazedemo.com/,3566,0,53
1610553396459,4583,-16,200,OK,jp@gc - Ultimate Thread Group 1-180,text,true,,1425,338,149,149,https://blazedemo.com/,4583,0,40
1610553396757,4375,-17,200,OK,jp@gc - Ultimate Thread Group 1-6,text,true,,1595,517,148,148,https://blazedemo.com/reserve.php,4375,0,0
1610553399192,1947,-18,200,OK,jp@gc - Ultimate Thread Group 1-7,text,true,,1670,575,148,148,https://blazedemo.com/purchase.php,1946,0,0
1610553400037,1256,-17,200,OK,jp@gc - Ultimate Thread Group 1-3,text,true,,1425,517,148,148,https://blazedemo.com/reserve.php,1255,0,0
1610553399764,1628,-19,200,OK,jp@gc - Ultimate Thread Group 1-16,text,true,,1550,633,148,148,https://blazedemo.com/confirmation.php,1625,0,0
1610553398525,2867,,200,"Number of samples in transaction : 4, number of failing samples : 0",jp@gc - Ultimate Thread Group 1-16,,true,,6354,2063,148,148,null,2854,0,35
1610553400347,1073,-18,200,OK,jp@gc - Ultimate Thread Group 1-1,text,true,,1819,575,148,148,https://blazedemo.com/purchase.php,1072,0,0
1610553397278,4148,-17,200,OK,jp@gc - Ultimate Thread Group 1-162,text,true,,1478,517,148,148,https://blazedemo.com/reserve.php,4144,0,0
1610553400133,1294,-18,200,OK,jp@gc - Ultimate Thread Group 1-12,text,true,,1651,575,147,147,https://blazedemo.com/purchase.php,1294,0,0
1610553396286,5275,-16,200,OK,jp@gc - Ultimate Thread Group 1-202,text,true,,1536,338,147,147,https://blazedemo.com/,5275,0,50
1610553397207,4361,-18,200,OK,jp@gc - Ultimate Thread Group 1-214,text,true,,1850,575,146,146,https://blazedemo.com/purchase.php,4360,0,0
1610553401133,445,-18,200,OK,jp@gc - Ultimate Thread Group 1-6,text,true,,1620,575,145,145,https://blazedemo.com/purchase.php,445,0,0
1610553396786,4799,-16,200,OK,jp@gc - Ultimate Thread Group 1-132,text,true,,1550,338,145,145,https://blazedemo.com/,4796,0,44
1610553396706,4881,-17,200,OK,jp@gc - Ultimate Thread Group 1-192,text,true,,1561,517,144,144,https://blazedemo.com/reserve.php,4878,0,0
1610553397228,4439,-16,200,OK,jp@gc - Ultimate Thread Group 1-68,text,true,,1417,338,143,143,https://blazedemo.com/,4419,0,47
1610553397233,4534,-16,200,OK,jp@gc - Ultimate Thread Group 1-64,text,true,,1376,338,142,142,https://blazedemo.com/,4534,0,55
1610553396790,4999,-16,200,OK,jp@gc - Ultimate Thread Group 1-135,text,true,,1493,338,141,141,https://blazedemo.com/,4997,0,45
1610553397425,4404,-16,200,OK,jp@gc - Ultimate Thread Group 1-39,text,true,,1383,338,140,140,https://blazedemo.com/,4401,0,47
1610553396756,5081,-18,200,OK,jp@gc - Ultimate Thread Group 1-13,text,true,,1699,575,139,139,https://blazedemo.com/purchase.php,5079,0,0
1610553397847,4065,-17,200,OK,jp@gc - Ultimate Thread Group 1-65,text,true,,1467,517,139,139,https://blazedemo.com/reserve.php,4065,0,0
1610553396814,5195,-16,200,OK,jp@gc - Ultimate Thread Group 1-125,text,true,,1364,338,138,138,https://blazedemo.com/,5193,0,51
1610553396553,5659,-16,200,OK,jp@gc - Ultimate Thread Group 1-167,text,true,,1405,338,137,137,https://blazedemo.com/,5658,0,42
1610553401579,717,-19,200,OK,jp@gc - Ultimate Thread Group 1-6,text,true,,1408,633,136,136,https://blazedemo.com/confirmation.php,717,0,0
1610553396278,6015,,200,"Number of samples in transaction : 4, number of failing samples : 0",jp@gc - Ultimate Thread Group 1-6,,true,,5992,2063,136,136,null,6015,2,37
1610553394463,7860,-16,200,OK,jp@gc - Ultimate Thread Group 1-2,text,true,,1366,338,136,136,https://blazedemo.com/,7858,0,42
1610553401393,1056,-16,200,OK,jp@gc - Ultimate Thread Group 1-16,text,true,,1434,338,136,136,https://blazedemo.com/,1056,0,37
1610553401429,1063,-19,200,OK,jp@gc - Ultimate Thread Group 1-12,text,true,,1616,633,136,136,https://blazedemo.com/confirmation.php,1061,0,0
1610553399154,3334,,200,"Number of samples in transaction : 4, number of failing samples : 0",jp@gc - Ultimate Thread Group 1-12,,true,,6362,2063,136,136,null,3332,3,57
1610553401421,1089,-19,200,OK,jp@gc - Ultimate Thread Group 1-1,text,true,,1466,633,136,136,https://blazedemo.com/confirmation.php,1084,0,0
1610553396428,6081,,200,"Number of samples in transaction : 4, number of failing samples : 0",jp@gc - Ultimate Thread Group 1-1,,true,,6057,2063,136,136,null,6074,0,42
1610553392809,9744,-19,200,OK,jp@gc - Ultimate Thread Group 1-4,text,true,,1412,633,136,136,https://blazedemo.com/confirmation.php,9744,0,0
1610553387138,15411,,200,"Number of samples in transaction : 4, number of failing samples : 0",jp@gc - Ultimate Thread Group 1-4,,true,,5995,2063,136,136,null,15411,4,89
1610553402325,232,-17,200,OK,jp@gc - Ultimate Thread Group 1-2,text,true,,1526,517,136,136,https://blazedemo.com/reserve.php,232,0,0
1610553396727,5858,-16,200,OK,jp@gc - Ultimate Thread Group 1-142,text,true,,1356,338,136,136,https://blazedemo.com/,5855,0,54
1610553397430,5214,-16,200,OK,jp@gc - Ultimate Thread Group 1-37,text,true,,1324,338,135,135,https://blazedemo.com/,5214,0,46
1610553397047,5641,-16,200,OK,jp@gc - Ultimate Thread Group 1-88,text,true,,1423,338,134,134,https://blazedemo.com/,5641,0,75
1610553396279,6462,-16,200,OK,jp@gc - Ultimate Thread Group 1-206,text,true,,1437,338,133,133,https://blazedemo.com/,6460,0,42
1610553402493,266,-16,200,OK,jp@gc - Ultimate Thread Group 1-12,text,true,,1335,338,132,132,https://blazedemo.com/,266,0,34
1610553397339,5444,-16,200,OK,jp@gc - Ultimate Thread Group 1-50,text,true,,1315,338,132,132,https://blazedemo.com/,5444,0,50
1610553402555,270,-16,200,OK,jp@gc - Ultimate Thread Group 1-4,text,true,,1377,338,131,131,https://blazedemo.com/,267,0,33
1610553397339,5490,-16,200,OK,jp@gc - Ultimate Thread Group 1-52,text,true,,1414,338,131,131,https://blazedemo.com/,5485,0,48
1610553396324,6520,-16,200,OK,jp@gc - Ultimate Thread Group 1-195,text,true,,1511,338,130,130,https://blazedemo.com/,6517,0,40
1610553396940,5921,-16,200,OK,jp@gc - Ultimate Thread Group 1-106,text,true,,1325,338,129,129,https://blazedemo.com/,5919,0,60
1610553398085,4801,-17,200,OK,jp@gc - Ultimate Thread Group 1-146,text,true,,1428,517,128,128,https://blazedemo.com/reserve.php,4799,0,0
1610553397008,5881,-17,200,OK,jp@gc - Ultimate Thread Group 1-151,text,true,,1414,517,127,127,https://blazedemo.com/reserve.php,5878,0,0
1610553395823,7070,-19,200,OK,jp@gc - Ultimate Thread Group 1-10,text,true,,1447,633,126,126,https://blazedemo.com/confirmation.php,7069,0,0
1610553389633,13256,,200,"Number of samples in transaction : 4, number of failing samples : 0",jp@gc - Ultimate Thread Group 1-10,,true,,6064,2063,126,126,null,13250,4,41
1610553397145,5823,-16,200,OK,jp@gc - Ultimate Thread Group 1-75,text,true,,1339,338,126,126,https://blazedemo.com/,5820,0,67
1610553396988,5999,-17,200,OK,jp@gc - Ultimate Thread Group 1-161,text,true,,1557,517,125,125,https://blazedemo.com/reserve.php,5998,0,0
1610553402450,597,-17,200,OK,jp@gc - Ultimate Thread Group 1-16,text,true,,1569,517,124,124,https://blazedemo.com/reserve.php,595,0,0
1610553402297,821,-16,200,OK,jp@gc - Ultimate Thread Group 1-6,text,true,,1546,338,124,124,https://blazedemo.com/,818,0,35
1610553397081,6161,-16,200,OK,jp@gc - Ultimate Thread Group 1-89,text,true,,1527,338,124,124,https://blazedemo.com/,6160,0,51
1610553396693,6632,-16,200,OK,jp@gc - Ultimate Thread Group 1-147,text,true,,1483,338,123,123,https://blazedemo.com/,6629,0,39
1610553397044,6299,-16,200,OK,jp@gc - Ultimate Thread Group 1-91,text,true,,1427,338,122,122,https://blazedemo.com/,6299,0,51
1610553403047,297,-18,200,OK,jp@gc - Ultimate Thread Group 1-16,text,true,,1623,575,121,121,https://blazedemo.com/purchase.php,296,0,0
1610553398198,5167,-17,200,OK,jp@gc - Ultimate Thread Group 1-105,text,true,,1538,517,121,121,https://blazedemo.com/reserve.php,5164,0,0
1610553397150,6234,-17,200,OK,jp@gc - Ultimate Thread Group 1-120,text,true,,1407,517,120,120,https://blazedemo.com/reserve.php,6233,0,0
1610553402825,567,-17,200,OK,jp@gc - Ultimate Thread Group 1-4,text,true,,1446,517,119,119,https://blazedemo.com/reserve.php,565,0,0
1610553397185,6255,-18,200,OK,jp@gc - Ultimate Thread Group 1-200,text,true,,1830,575,119,119,https://blazedemo.com/purchase.php,6253,0,0
1610553397196,6273,-17,200,OK,jp@gc - Ultimate Thread Group 1-190,text,true,,1411,517,118,118,https://blazedemo.com/reserve.php,6271,0,0
1610553397138,6341,-16,200,OK,jp@gc - Ultimate Thread Group 1-83,text,true,,1359,338,117,117,https://blazedemo.com/,6339,0,56
1610553397145,6342,-16,200,OK,jp@gc - Ultimate Thread Group 1-74,text,true,,1407,338,116,116,https://blazedemo.com/,6342,0,68
1610553397157,6338,-18,200,OK,jp@gc - Ultimate Thread Group 1-172,text,true,,1844,575,115,115,https://blazedemo.com/purchase.php,6337,0,0
1610553397002,6499,-17,200,OK,jp@gc - Ultimate Thread Group 1-160,text,true,,1479,517,114,114,https://blazedemo.com/reserve.php,6497,0,0
1610553398120,5434,-17,200,OK,jp@gc - Ultimate Thread Group 1-100,text,true,,1631,517,113,113,https://blazedemo.com/reserve.php,5431,0,0
1610553398108,5494,-18,200,OK,jp@gc - Ultimate Thread Group 1-182,text,true,,1762,575,112,112,https://blazedemo.com/purchase.php,5493,0,0
1610553396723,6894,-17,200,OK,jp@gc - Ultimate Thread Group 1-186,text,true,,1453,517,111,111,https://blazedemo.com/reserve.php,6892,0,0
1610553402557,1187,-18,200,OK,jp@gc - Ultimate Thread Group 1-2,text,true,,1722,575,110,110,https://blazedemo.com/purchase.php,1187,0,0
1610553402510,1272,-16,200,OK,jp@gc - Ultimate Thread Group 1-1,text,true,,1541,338,110,110,https://blazedemo.com/,1272,0,39
1610553397103,6716,-18,200,OK,jp@gc - Ultimate Thread Group 1-165,text,true,,1614,575,110,110,https://blazedemo.com/purchase.php,6713,0,0
1610553403345,545,-19,200,OK,jp@gc - Ultimate Thread Group 1-16,text,true,,1517,633,109,109,https://blazedemo.com/confirmation.php,542,0,0
1610553401393,2495,,200,"Number of samples in transaction : 4, number of failing samples : 0",jp@gc - Ultimate Thread Group 1-16,,true,,6143,2063,109,109,null,2489,2,37
1610553397135,6768,-17,200,OK,jp@gc - Ultimate Thread Group 1-130,text,true,,1617,517,109,109,https://blazedemo.com/reserve.php,6768,0,0
1610553396816,7119,-16,200,OK,jp@gc - Ultimate Thread Group 1-122,text,true,,1380,338,108,108,https://blazedemo.com/,7116,0,46
1610553398129,5851,-18,200,OK,jp@gc - Ultimate Thread Group 1-133,text,true,,1629,575,107,107,https://blazedemo.com/purchase.php,5851,0,0
1610553396697,7343,-16,200,OK,jp@gc - Ultimate Thread Group 1-134,text,true,,1427,338,106,106,https://blazedemo.com/,7343,0,61
1610553396696,7427,-16,200,OK,jp@gc - Ultimate Thread Group 1-129,text,true,,1475,338,105,105,https://blazedemo.com/,7425,0,43
1610553396966,7262,-16,200,OK,jp@gc - Ultimate Thread Group 1-101,text,true,,1361,338,104,104,https://blazedemo.com/,7262,0,54
1610553403744,502,-19,200,OK,jp@gc - Ultimate Thread Group 1-2,text,true,,1546,633,103,103,https://blazedemo.com/confirmation.php,500,0,0
1610553394462,9781,,200,"Number of samples in transaction : 4, number of failing samples : 0",jp@gc - Ultimate Thread Group 1-2,,true,,6160,2063,103,103,null,9777,2,42
1610553394343,9911,-16,200,OK,jp@gc - Ultimate Thread Group 1-18,text,true,,1377,338,103,103,https://blazedemo.com/,9908,0,39
1610553392838,11445,-18,200,OK,jp@gc - Ultimate Thread Group 1-20,text,true,,1628,575,103,103,https://blazedemo.com/purchase.php,11443,0,0
1610553397147,7153,-18,200,OK,jp@gc - Ultimate Thread Group 1-204,text,true,,1612,575,103,103,https://blazedemo.com/purchase.php,7151,0,0
1610553397019,7537,-16,200,OK,jp@gc - Ultimate Thread Group 1-96,text,true,,1473,338,102,102,https://blazedemo.com/,7536,0,58
1610553402894,1792,-16,200,OK,jp@gc - Ultimate Thread Group 1-10,text,true,,1362,338,101,101,https://blazedemo.com/,1789,0,36
1610553401838,2928,-19,200,OK,jp@gc - Ultimate Thread Group 1-13,text,true,,1434,633,101,101,https://blazedemo.com/confirmation.php,2927,0,0
1610553391313,13450,,200,"Number of samples in transaction : 4, number of failing samples : 0",jp@gc - Ultimate Thread Group 1-13,,true,,6108,2063,101,101,null,13442,2,35
1610553396973,7896,-17,200,OK,jp@gc - Ultimate Thread Group 1-156,text,true,,1472,517,101,101,https://blazedemo.com/reserve.php,7893,0,0
1610553397220,7770,-17,200,OK,jp@gc - Ultimate Thread Group 1-173,text,true,,1615,517,100,100,https://blazedemo.com/reserve.php,7768,0,0
1610553397127,7902,-17,200,OK,jp@gc - Ultimate Thread Group 1-163,text,true,,1585,517,99,99,https://blazedemo.com/reserve.php,7900,0,0
1610553396916,8444,-16,200,OK,jp@gc - Ultimate Thread Group 1-109,text,true,,1526,338,98,98,https://blazedemo.com/,8441,0,44
1610553403119,2244,-17,200,OK,jp@gc - Ultimate Thread Group 1-6,text,true,,1640,517,97,97,https://blazedemo.com/reserve.php,2242,0,0
1610553396754,8609,-16,200,OK,jp@gc - Ultimate Thread Group 1-136,text,true,,1504,338,97,97,https://blazedemo.com/,8608,0,70
1610553396390,9035,-16,200,OK,jp@gc - Ultimate Thread Group 1-187,text,true,,1546,338,96,96,https://blazedemo.com/,9033,0,49
1610553397186,8273,-17,200,OK,jp@gc - Ultimate Thread Group 1-168,text,true,,1613,517,95,95,https://blazedemo.com/reserve.php,8272,0,0
1610553396871,8777,-16,200,OK,jp@gc - Ultimate Thread Group 1-114,text,true,,1359,338,94,94,https://blazedemo.com/,8776,0,55
1610553396278,9400,-16,200,OK,jp@gc - Ultimate Thread Group 1-205,text,true,,1417,338,93,93,https://blazedemo.com/,9399,0,39
1610553403890,1842,-16,200,OK,jp@gc - Ultimate Thread Group 1-16,text,true,,1536,338,92,92,https://blazedemo.com/,1841,0,39
1610553396916,8823,-16,200,OK,jp@gc - Ultimate Thread Group 1-110,text,true,,1550,338,92,92,https://blazedemo.com/,8823,0,37
1610553402760,2992,-17,200,OK,jp@gc - Ultimate Thread Group 1-12,text,true,,1546,517,91,91,https://blazedemo.com/reserve.php,2992,0,0
1610553396888,8866,-17,200,OK,jp@gc - Ultimate Thread Group 1-203,text,true,,1646,517,91,91,https://blazedemo.com/reserve.php,8864,0,0
1610553397076,8731,-18,200,OK,jp@gc - Ultimate Thread Group 1-210,text,true,,1819,575,90,90,https://blazedemo.com/purchase.php,8730,0,0
1610553396389,9435,-16,200,OK,jp@gc - Ultimate Thread Group 1-188,text,true,,1543,338,89,89,https://blazedemo.com/,9434,0,46
1610553396666,9189,-16,200,OK,jp@gc - Ultimate Thread Group 1-157,text,true,,1460,338,88,88,https://blazedemo.com/,9188,0,53
1610553396970,8897,-16,200,OK,jp@gc - Ultimate Thread Group 1-99,text,true,,1467,338,87,87,https://blazedemo.com/,8897,0,62
1610553397041,8901,-16,200,OK,jp@gc - Ultimate Thread Group 1-93,text,true,,1334,338,86,86,https://blazedemo.com/,8900,0,50
1610553396822,9200,-16,200,OK,jp@gc - Ultimate Thread Group 1-115,text,true,,1392,338,85,85,https://blazedemo.com/,9199,0,84
1610553397042,9127,-16,200,OK,jp@gc - Ultimate Thread Group 1-92,text,true,,1432,338,84,84,https://blazedemo.com/,9127,0,45
1610553397422,8947,-17,200,OK,jp@gc - Ultimate Thread Group 1-128,text,true,,1611,517,83,83,https://blazedemo.com/reserve.php,8946,0,0
1610553396966,9417,-16,200,OK,jp@gc - Ultimate Thread Group 1-102,text,true,,1536,338,82,82,https://blazedemo.com/,9416,0,49
1610553397137,9300,-16,200,OK,jp@gc - Ultimate Thread Group 1-84,text,true,,1365,338,81,81,https://blazedemo.com/,9295,0,57
1610553396647,9795,-18,200,OK,jp@gc - Ultimate Thread Group 1-9,text,true,,1741,575,80,80,https://blazedemo.com/purchase.php,9795,0,0
1610553397469,9016,-16,200,OK,jp@gc - Ultimate Thread Group 1-35,text,true,,1415,338,80,80,https://blazedemo.com/,9013,0,41
1610553397116,9372,-16,200,OK,jp@gc - Ultimate Thread Group 1-85,text,true,,1334,338,79,79,https://blazedemo.com/,9372,0,59
1610553396383,10106,-17,200,OK,jp@gc - Ultimate Thread Group 1-5,text,true,,1558,517,78,78,https://blazedemo.com/reserve.php,10104,0,0
1610553396817,9738,-16,200,OK,jp@gc - Ultimate Thread Group 1-121,text,true,,1358,338,78,78,https://blazedemo.com/,9736,0,74
1610553396820,9879,-16,200,OK,jp@gc - Ultimate Thread Group 1-118,text,true,,1355,338,77,77,https://blazedemo.com/,9877,0,51
1610553406442,347,-19,200,OK,jp@gc - Ultimate Thread Group 1-9,text,true,,1510,633,76,76,https://blazedemo.com/confirmation.php,344,0,0
1610553395645,11142,,200,"Number of samples in transaction : 4, number of failing samples : 0",jp@gc - Ultimate Thread Group 1-9,,true,,6234,2063,76,76,null,11139,2,54
1610553397508,9328,-18,200,OK,jp@gc - Ultimate Thread Group 1-131,text,true,,1624,575,76,76,https://blazedemo.com/purchase.php,9326,0,0
1610553397145,9722,-16,200,OK,jp@gc - Ultimate Thread Group 1-76,text,true,,1455,338,75,75,https://blazedemo.com/,9721,0,64
1610553398399,8498,-17,200,OK,jp@gc - Ultimate Thread Group 1-153,text,true,,1467,517,74,74,https://blazedemo.com/reserve.php,8496,0,0
1610553406489,410,-18,200,OK,jp@gc - Ultimate Thread Group 1-5,text,true,,1686,575,73,73,https://blazedemo.com/purchase.php,408,0,0
1610553395452,11451,-16,200,OK,jp@gc - Ultimate Thread Group 1-15,text,true,,1555,338,73,73,https://blazedemo.com/,11451,0,40
1610553397011,9980,-16,200,OK,jp@gc - Ultimate Thread Group 1-98,text,true,,1384,338,73,73,https://blazedemo.com/,9978,0,39
1610553398427,8593,-18,200,OK,jp@gc - Ultimate Thread Group 1-23,text,true,,1854,575,72,72,https://blazedemo.com/purchase.php,8593,0,0
1610553406790,263,-16,200,OK,jp@gc - Ultimate Thread Group 1-9,text,true,,1505,338,71,71,https://blazedemo.com/,262,0,35
1610553397542,9561,-16,200,OK,jp@gc - Ultimate Thread Group 1-26,text,true,,1489,338,71,71,https://blazedemo.com/,9560,0,70
1610553397076,10084,-17,200,OK,jp@gc - Ultimate Thread Group 1-166,text,true,,1451,517,70,70,https://blazedemo.com/reserve.php,10084,0,0
1610553397910,9263,-17,200,OK,jp@gc - Ultimate Thread Group 1-150,text,true,,1624,517,69,69,https://blazedemo.com/reserve.php,9262,0,0
1610553399169,8006,-16,200,OK,jp@gc - Ultimate Thread Group 1-11,text,true,,1499,338,68,68,https://blazedemo.com/,8003,0,53
1610553397140,10116,-16,200,OK,jp@gc - Ultimate Thread Group 1-80,text,true,,1428,338,68,68,https://blazedemo.com/,10113,0,57
1610553404284,3005,-19,200,OK,jp@gc - Ultimate Thread Group 1-20,text,true,,1460,633,67,67,https://blazedemo.com/confirmation.php,3003,0,0
1610553392080,15208,,200,"Number of samples in transaction : 4, number of failing samples : 0",jp@gc - Ultimate Thread Group 1-20,,true,,6145,2063,67,67,null,15201,0,37
1610553396247,11048,-16,200,OK,jp@gc - Ultimate Thread Group 1-212,text,true,,1394,338,67,67,https://blazedemo.com/,11046,0,38
1610553396391,10926,-16,200,OK,jp@gc - Ultimate Thread Group 1-184,text,true,,1428,338,66,66,https://blazedemo.com/,10926,0,53
1610553406900,440,-19,200,OK,jp@gc - Ultimate Thread Group 1-5,text,true,,1539,633,65,65,https://blazedemo.com/confirmation.php,439,0,0
1610553395487,11851,,200,"Number of samples in transaction : 4, number of failing samples : 0",jp@gc - Ultimate Thread Group 1-5,,true,,6344,2063,65,65,null,11845,2,36
1610553397229,10136,-16,200,OK,jp@gc - Ultimate Thread Group 1-67,text,true,,1543,338,65,65,https://blazedemo.com/,10133,0,56
1610553397376,10069,-17,200,OK,jp@gc - Ultimate Thread Group 1-104,text,true,,1633,517,64,64,https://blazedemo.com/reserve.php,10067,0,0
1610553397608,9843,-17,200,OK,jp@gc - Ultimate Thread Group 1-95,text,true,,1596,517,63,63,https://blazedemo.com/reserve.php,9842,0,0
1610553397613,9844,-19,200,OK,jp@gc - Ultimate Thread Group 1-8,text,true,,1460,633,62,62,https://blazedemo.com/confirmation.php,9841,0,0
1610553390291,17165,,200,"Number of samples in transaction : 4, number of failing samples : 0",jp@gc - Ultimate Thread Group 1-8,,true,,6052,2063,62,62,null,17159,1,37
1610553403782,3762,-17,200,OK,jp@gc - Ultimate Thread Group 1-1,text,true,,1467,517,62,62,https://blazedemo.com/reserve.php,3762,0,0
1610553397493,10149,-16,200,OK,jp@gc - Ultimate Thread Group 1-29,text,true,,1496,338,62,62,https://blazedemo.com/,10146,0,58
1610553397344,10371,-17,200,OK,jp@gc - Ultimate Thread Group 1-119,text,true,,1640,517,61,61,https://blazedemo.com/reserve.php,10367,0,0
1610553404246,3496,-16,200,OK,jp@gc - Ultimate Thread Group 1-2,text,true,,1319,338,60,60,https://blazedemo.com/,3494,0,37
1610553397140,10761,-16,200,OK,jp@gc - Ultimate Thread Group 1-81,text,true,,1527,338,60,60,https://blazedemo.com/,10759,0,57
1610553397139,10850,-16,200,OK,jp@gc - Ultimate Thread Group 1-82,text,true,,1436,338,59,59,https://blazedemo.com/,10850,0,52
1610553397142,10850,-16,200,OK,jp@gc - Ultimate Thread Group 1-77,text,true,,1490,338,58,58,https://blazedemo.com/,10847,0,64
1610553398195,9831,-19,200,OK,jp@gc - Ultimate Thread Group 1-14,text,true,,1552,633,57,57,https://blazedemo.com/confirmation.php,9829,0,0
1610553393375,14650,,200,"Number of samples in transaction : 4, number of failing samples : 0",jp@gc - Ultimate Thread Group 1-14,,true,,6069,2063,57,57,null,14645,1,36
1610553397345,10715,-16,200,OK,jp@gc - Ultimate Thread Group 1-46,text,true,,1441,338,57,57,https://blazedemo.com/,10712,0,293
1610553397142,11003,-16,200,OK,jp@gc - Ultimate Thread Group 1-78,text,true,,1371,338,56,56,https://blazedemo.com/,10994,0,65
1610553396219,12008,-16,200,OK,jp@gc - Ultimate Thread Group 1-215,text,true,,1469,338,55,55,https://blazedemo.com/,12008,0,88
1610553397560,10780,-16,200,OK,jp@gc - Ultimate Thread Group 1-21,text,true,,1374,338,54,54,https://blazedemo.com/,10777,0,89
1610553401294,7052,-18,200,OK,jp@gc - Ultimate Thread Group 1-3,text,true,,1776,575,53,53,https://blazedemo.com/purchase.php,7051,0,0
1610553397282,11102,-16,200,OK,jp@gc - Ultimate Thread Group 1-59,text,true,,1361,338,53,53,https://blazedemo.com/,11102,0,48
1610553397286,11099,-16,200,OK,jp@gc - Ultimate Thread Group 1-57,text,true,,1551,338,53,53,https://blazedemo.com/,11097,0,48
1610553408027,494,-16,200,OK,jp@gc - Ultimate Thread Group 1-14,text,true,,1440,338,51,51,https://blazedemo.com/,492,0,33
1610553401139,7449,-19,200,OK,jp@gc - Ultimate Thread Group 1-7,text,true,,1517,633,51,51,https://blazedemo.com/confirmation.php,7449,0,0
1610553388501,20085,,200,"Number of samples in transaction : 4, number of failing samples : 0",jp@gc - Ultimate Thread Group 1-7,,true,,6093,2063,51,51,null,20083,2,43
1610553403392,5221,-18,200,OK,jp@gc - Ultimate Thread Group 1-4,text,true,,1838,575,51,51,https://blazedemo.com/purchase.php,5220,0,0
1610553397339,11314,-17,200,OK,jp@gc - Ultimate Thread Group 1-140,text,true,,1644,517,51,51,https://blazedemo.com/reserve.php,11313,0,0
1610553400684,8039,-19,200,OK,jp@gc - Ultimate Thread Group 1-17,text,true,,1595,633,50,50,https://blazedemo.com/confirmation.php,8039,0,0
1610553397135,11586,,200,"Number of samples in transaction : 4, number of failing samples : 0",jp@gc - Ultimate Thread Group 1-17,,true,,6220,2063,50,50,null,11582,2,57
1610553408346,420,-19,200,OK,jp@gc - Ultimate Thread Group 1-3,text,true,,1445,633,50,50,https://blazedemo.com/confirmation.php,417,0,0
1610553397742,11022,,200,"Number of samples in transaction : 4, number of failing samples : 0",jp@gc - Ultimate Thread Group 1-3,,true,,5957,2063,50,50,null,11016,2,62
1610553397558,11229,-16,200,OK,jp@gc - Ultimate Thread Group 1-24,text,true,,1396,338,50,50,https://blazedemo.com/,11228,0,88
1610553408589,261,-16,200,OK,jp@gc - Ultimate Thread Group 1-7,text,true,,1520,338,49,49,https://blazedemo.com/,259,0,34
1610553397514,11368,-16,200,OK,jp@gc - Ultimate Thread Group 1-27,text,true,,1420,338,49,49,https://blazedemo.com/,11365,0,99
1610553408521,370,-17,200,OK,jp@gc - Ultimate Thread Group 1-14,text,true,,1508,517,48,48,https://blazedemo.com/reserve.php,369,0,0
1610553398424,10522,-18,200,OK,jp@gc - Ultimate Thread Group 1-56,text,true,,1777,575,48,48,https://blazedemo.com/purchase.php,10520,0,0
1610553396617,12334,-16,200,OK,jp@gc - Ultimate Thread Group 1-155,text,true,,1384,338,47,47,https://blazedemo.com/,12332,0,51
1610553408766,323,-16,200,OK,jp@gc - Ultimate Thread Group 1-3,text,true,,1420,338,46,46,https://blazedemo.com/,322,0,35
1610553396386,12794,-16,200,OK,jp@gc - Ultimate Thread Group 1-189,text,true,,1387,338,46,46,https://blazedemo.com/,12792,0,47
1610553408891,330,-18,200,OK,jp@gc - Ultimate Thread Group 1-14,text,true,,1628,575,45,45,https://blazedemo.com/purchase.php,329,0,0
1610553408851,463,-17,200,OK,jp@gc - Ultimate Thread Group 1-7,text,true,,1530,517,45,45,https://blazedemo.com/reserve.php,461,0,0
1610553397807,11529,-19,200,OK,jp@gc - Ultimate Thread Group 1-178,text,true,,1458,633,45,45,https://blazedemo.com/confirmation.php,11524,0,0
1610553396461,12872,,200,"Number of samples in transaction : 4, number of failing samples : 0",jp@gc - Ultimate Thread Group 1-178,,true,,6166,2063,45,45,null,12866,3,46
1610553409314,245,-18,200,OK,jp@gc - Ultimate Thread Group 1-7,text,true,,1831,575,44,44,https://blazedemo.com/purchase.php,243,0,0
1610553396319,14156,-16,200,OK,jp@gc - Ultimate Thread Group 1-198,text,true,,1453,338,44,44,https://blazedemo.com/,14156,0,41
1610553405364,5145,-18,200,OK,jp@gc - Ultimate Thread Group 1-6,text,true,,1811,575,43,43,https://blazedemo.com/purchase.php,5143,0,0
1610553407289,3378,-16,200,OK,jp@gc - Ultimate Thread Group 1-20,text,true,,1504,338,43,43,https://blazedemo.com/,3377,0,57
1610553408612,2191,-19,200,OK,jp@gc - Ultimate Thread Group 1-4,text,true,,1419,633,43,43,https://blazedemo.com/confirmation.php,2187,0,0
1610553402554,8249,,200,"Number of samples in transaction : 4, number of failing samples : 0",jp@gc - Ultimate Thread Group 1-4,,true,,6080,2063,43,43,null,8239,1,33
1610553410667,221,-17,200,OK,jp@gc - Ultimate Thread Group 1-20,text,true,,1434,517,43,43,https://blazedemo.com/reserve.php,220,0,0
1610553409221,1677,-19,200,OK,jp@gc - Ultimate Thread Group 1-14,text,true,,1538,633,43,43,https://blazedemo.com/confirmation.php,1674,0,0
1610553408027,2871,,200,"Number of samples in transaction : 4, number of failing samples : 0",jp@gc - Ultimate Thread Group 1-14,,true,,6114,2063,43,43,null,2864,0,33
1610553410508,495,-19,200,OK,jp@gc - Ultimate Thread Group 1-6,text,true,,1492,633,43,43,https://blazedemo.com/confirmation.php,494,0,0
1610553402296,8705,,200,"Number of samples in transaction : 4, number of failing samples : 0",jp@gc - Ultimate Thread Group 1-6,,true,,6489,2063,43,43,null,8697,3,35
1610553396391,14791,-16,200,OK,jp@gc - Ultimate Thread Group 1-183,text,true,,1535,338,43,43,https://blazedemo.com/,14789,0,66
1610553410889,369,-18,200,OK,jp@gc - Ultimate Thread Group 1-20,text,true,,1768,575,42,42,https://blazedemo.com/purchase.php,367,0,0
1610553410803,488,-16,200,OK,jp@gc - Ultimate Thread Group 1-4,text,true,,1468,338,42,42,https://blazedemo.com/,486,0,40
1610553410898,581,-16,200,OK,jp@gc - Ultimate Thread Group 1-14,text,true,,1358,338,42,42,https://blazedemo.com/,580,0,34
1610553404255,7232,-17,200,OK,jp@gc - Ultimate Thread Group 1-18,text,true,,1431,517,42,42,https://blazedemo.com/reserve.php,7230,0,0
1610553411004,642,-16,200,OK,jp@gc - Ultimate Thread Group 1-6,text,true,,1506,338,42,42,https://blazedemo.com/,642,0,34
1610553411292,390,-17,200,OK,jp@gc - Ultimate Thread Group 1-4,text,true,,1524,517,42,42,https://blazedemo.com/reserve.php,389,0,0
1610553411486,472,-18,200,OK,jp@gc - Ultimate Thread Group 1-18,text,true,,1710,575,42,42,https://blazedemo.com/purchase.php,472,0,0
1610553411682,422,-18,200,OK,jp@gc - Ultimate Thread Group 1-4,text,true,,1625,575,42,42,https://blazedemo.com/purchase.php,418,0,0
1610553411958,350,-19,200,OK,jp@gc - Ultimate Thread Group 1-18,text,true,,1647,633,42,42,https://blazedemo.com/confirmation.php,350,0,0
1610553394342,17965,,200,"Number of samples in transaction : 4, number of failing samples : 0",jp@gc - Ultimate Thread Group 1-18,,true,,6165,2063,42,42,null,17960,2,39
1610553397407,14935,-16,200,OK,jp@gc - Ultimate Thread Group 1-42,text,true,,1319,338,42,42,https://blazedemo.com/,14935,0,52
1610553404766,7667,-16,200,OK,jp@gc - Ultimate Thread Group 1-13,text,true,,1517,338,41,41,https://blazedemo.com/,7664,0,32
1610553412104,328,-19,200,OK,jp@gc - Ultimate Thread Group 1-4,text,true,,1412,633,41,41,https://blazedemo.com/confirmation.php,328,0,0
1610553410803,1628,,200,"Number of samples in transaction : 4, number of failing samples : 0",jp@gc - Ultimate Thread Group 1-4,,true,,6029,2063,41,41,null,1621,1,40
1610553407543,4979,-18,200,OK,jp@gc - Ultimate Thread Group 1-1,text,true,,1718,575,41,41,https://blazedemo.com/purchase.php,4979,0,0
1610553404686,7855,-17,200,OK,jp@gc - Ultimate Thread Group 1-10,text,true,,1517,517,41,41,https://blazedemo.com/reserve.php,7853,0,0
1610553397485,15484,-16,200,OK,jp@gc - Ultimate Thread Group 1-32,text,true,,1441,338,41,41,https://blazedemo.com/,15482,0,45
1610553405732,7461,-17,200,OK,jp@gc - Ultimate Thread Group 1-16,text,true,,1498,517,40,40,https://blazedemo.com/reserve.php,7460,0,0
1610553397511,16246,-16,200,OK,jp@gc - Ultimate Thread Group 1-28,text,true,,1339,338,39,39,https://blazedemo.com/,16243,0,40
1610553397100,17082,-17,200,OK,jp@gc - Ultimate Thread Group 1-154,text,true,,1588,517,38,38,https://blazedemo.com/reserve.php,17080,0,0
1610553407053,7359,-17,200,OK,jp@gc - Ultimate Thread Group 1-9,text,true,,1416,517,37,37,https://blazedemo.com/reserve.php,7357,0,0
1610553411480,3123,-17,200,OK,jp@gc - Ultimate Thread Group 1-14,text,true,,1414,517,36,36,https://blazedemo.com/reserve.php,3120,0,0
1610553411258,3539,-19,200,OK,jp@gc - Ultimate Thread Group 1-20,text,true,,1487,633,35,35,https://blazedemo.com/confirmation.php,3531,0,0
1610553407289,7507,,200,"Number of samples in transaction : 4, number of failing samples : 0",jp@gc - Ultimate Thread Group 1-20,,true,,6193,2063,35,35,null,7495,2,57
1610553396324,18537,-16,200,OK,jp@gc - Ultimate Thread Group 1-196,text,true,,1468,338,34,34,https://blazedemo.com/,18535,0,60
1610553397010,17868,-16,200,OK,jp@gc - Ultimate Thread Group 1-97,text,true,,1309,338,33,33,https://blazedemo.com/,17866,0,40
1610553407341,7544,-16,200,OK,jp@gc - Ultimate Thread Group 1-5,text,true,,1510,338,32,32,https://blazedemo.com/,7540,0,95
1610553407457,7543,-16,200,OK,jp@gc - Ultimate Thread Group 1-8,text,true,,1332,338,31,31,https://blazedemo.com/,7542,0,61
1610553398484,16530,-19,200,OK,jp@gc - Ultimate Thread Group 1-19,text,true,,1414,633,30,30,https://blazedemo.com/confirmation.php,16528,0,0
1610553391190,23824,,200,"Number of samples in transaction : 4, number of failing samples : 0",jp@gc - Ultimate Thread Group 1-19,,true,,6221,2063,30,30,null,23814,1,39
1610553407741,7581,-17,200,OK,jp@gc - Ultimate Thread Group 1-2,text,true,,1436,517,29,29,https://blazedemo.com/reserve.php,7581,0,0
1610553397086,18630,-16,200,OK,jp@gc - Ultimate Thread Group 1-87,text,true,,1332,338,28,28,https://blazedemo.com/,18617,0,45
1610553397110,18630,-17,200,OK,jp@gc - Ultimate Thread Group 1-149,text,true,,1627,517,27,27,https://blazedemo.com/reserve.php,18628,0,0
1610553408724,7402,-16,200,OK,jp@gc - Ultimate Thread Group 1-17,text,true,,1432,338,26,26,https://blazedemo.com/,7401,0,36
1610553412432,3906,-17,200,OK,jp@gc - Ultimate Thread Group 1-13,text,true,,1543,517,25,25,https://blazedemo.com/reserve.php,3906,0,0
1610553411646,4808,-17,200,OK,jp@gc - Ultimate Thread Group 1-6,text,true,,1517,517,24,24,https://blazedemo.com/reserve.php,4807,0,0
1610553409560,7239,-19,200,OK,jp@gc - Ultimate Thread Group 1-7,text,true,,1638,633,23,23,https://blazedemo.com/confirmation.php,7239,0,0
1610553408588,8208,,200,"Number of samples in transaction : 4, number of failing samples : 0",jp@gc - Ultimate Thread Group 1-7,,true,,6519,2063,23,23,null,8202,3,34
1610553397428,19852,-16,200,OK,jp@gc - Ultimate Thread Group 1-38,text,true,,1353,338,22,22,https://blazedemo.com/,19851,0,50
1610553412541,4884,-18,200,OK,jp@gc - Ultimate Thread Group 1-10,text,true,,1621,575,21,21,https://blazedemo.com/purchase.php,4883,0,0
1610553397423,20014,-16,200,OK,jp@gc - Ultimate Thread Group 1-40,text,true,,1352,338,20,20,https://blazedemo.com/,20010,0,44
1610553397396,20086,-18,200,OK,jp@gc - Ultimate Thread Group 1-179,text,true,,1615,575,19,19,https://blazedemo.com/purchase.php,20085,0,0
1610553397441,20188,-17,200,OK,jp@gc - Ultimate Thread Group 1-86,text,true,,1515,517,18,18,https://blazedemo.com/reserve.php,20187,0,0
1610553397402,20338,-16,200,OK,jp@gc - Ultimate Thread Group 1-44,text,true,,1479,338,17,17,https://blazedemo.com/,20338,0,44
1610553396353,21621,-16,200,OK,jp@gc - Ultimate Thread Group 1-191,text,true,,1405,338,16,16,https://blazedemo.com/,21619,0,69
1610553397480,20552,-16,200,OK,jp@gc - Ultimate Thread Group 1-33,text,true,,1426,338,15,15,https://blazedemo.com/,20549,0,41
1610553397490,20554,-16,200,OK,jp@gc - Ultimate Thread Group 1-30,text,true,,1397,338,14,14,https://blazedemo.com/,20551,0,43
1610553397494,20569,-19,200,OK,jp@gc - Ultimate Thread Group 1-201,text,true,,1420,633,13,13,https://blazedemo.com/confirmation.php,20566,0,0
1610553396313,21749,,200,"Number of samples in transaction : 4, number of failing samples : 0",jp@gc - Ultimate Thread Group 1-201,,true,,5997,2063,13,13,null,21742,1,36
1610553397489,20777,-16,200,OK,jp@gc - Ultimate Thread Group 1-31,text,true,,1450,338,12,12,https://blazedemo.com/,20777,0,43
1610553397541,20827,-18,200,OK,jp@gc - Ultimate Thread Group 1-108,text,true,,1787,575,11,11,https://blazedemo.com/purchase.php,20822,0,0
1610553397661,21448,-17,200,OK,jp@gc - Ultimate Thread Group 1-70,text,true,,1433,517,10,10,https://blazedemo.com/reserve.php,21447,0,0
1610553397932,21243,-18,200,OK,jp@gc - Ultimate Thread Group 1-103,text,true,,1828,575,9,9,https://blazedemo.com/purchase.php,21243,0,0
1610553396391,25053,-16,200,OK,jp@gc - Ultimate Thread Group 1-185,text,true,,1310,338,8,8,https://blazedemo.com/,25050,0,50
1610553409090,13658,-17,200,OK,jp@gc - Ultimate Thread Group 1-3,text,true,,1510,517,7,7,https://blazedemo.com/reserve.php,13652,0,0
1610553412523,12259,-19,200,OK,jp@gc - Ultimate Thread Group 1-1,text,true,,1530,633,6,6,https://blazedemo.com/confirmation.php,12259,0,0
1610553402510,22272,,200,"Number of samples in transaction : 4, number of failing samples : 0",jp@gc - Ultimate Thread Group 1-1,,true,,6256,2063,6,6,null,22272,1,39
1610553406903,19932,-17,200,OK,jp@gc - Ultimate Thread Group 1-15,text,true,,1481,517,5,5,https://blazedemo.com/reserve.php,19930,0,0
1610553412309,15003,-16,200,OK,jp@gc - Ultimate Thread Group 1-18,text,true,,1309,338,4,4,https://blazedemo.com/,15000,0,46
1610553407175,20822,-17,200,OK,jp@gc - Ultimate Thread Group 1-11,text,true,,1424,517,3,3,https://blazedemo.com/reserve.php,20822,0,0
1610553405753,23033,-18,200,OK,jp@gc - Ultimate Thread Group 1-12,text,true,,1699,575,2,2,https://blazedemo.com/purchase.php,23032,0,0
1610553412433,16379,-16,200,OK,jp@gc - Ultimate Thread Group 1-4,text,true,,1472,338,1,1,https://blazedemo.com/,16377,0,34
